"role","content"
"user","ik ben klaar om te beginnen"
"assistant","###VIGNETTE 1###
Het lichaam slaat glucose op in de vorm van glycogeen, vooral in de lever en spieren, om te gebruiken wanneer energie nodig is—vooral tussen maaltijden of tijdens inspanning. 
Bij Glycogeenstapelingsziekten (GSD’s) is dit proces verstoord door aangeboren enzymdeficiënties. Hierdoor heeft het lichaam moeite om normale bloedglucosespiegels te behouden, vooral tijdens vasten. Ter compensatie schakelt het andere metabole routes in. In GSD zijn alternatieve paden, zoals de Cori-cyclus, belangrijk.
Een 3-jarig meisje heeft GSD en bezoekt haar arts omdat ze erg prikkelbaar is en haar buik opgezet lijkt. Haar lever is vergroot en bloedonderzoek laat zien:
Bloedglucose: 45 mg/dL (normaal: 70–110 mg/dL)
Bloedketonen: Negatief (normaal: negatief)
Lactaat: 4,2 mmol/L (normaal: 0,5–2,0 mmol/L)

Kun je uitleggen wat er in dit geval is gebeurd?"
"user","pyruvaat kan niet omgezet worden in acetyl-CoA, waardoor het dus wordt omgezet in lactaat"
"assistant","Goede poging! Voordat we verder gaan, laten we even terugstappen om samen de basiskennis hierover op te frissen. Dit helpt je om de situatie in de casus straks nog beter te analyseren. Heb je op dit moment vragen of onduidelijkheden? 

Misschien kun je alvast kort uitleggen wat glycolyse is en wat je weet over de uiteindelijke bestemming van pyruvaat in de cel?"
"user","glycolyse is de omzetting van glycogeen naar glucose-6-fosfaat, wat dan weer omgezet wordt in glucose. pyruvaat wordt uiteindelijk in de mitochondriën omgezet in acetyl-coa"
"assistant","Mooi dat je al wat stappen noemt! Er zitten alleen een paar verschillende dingen door elkaar. Glycolyse is het proces waarbij glucose wordt afgebroken tot pyruvaat in het cytoplasma van de cel. Glycogeen kan via glycogenolyse eerst omgezet worden in glucose-6-fosfaat, en daarna via glycolyse tot pyruvaat.

Zou je uit kunnen leggen wat er vervolgens met pyruvaat kan gebeuren als er wel of geen zuurstof aanwezig is? Wat weet je daarover?"
"user","als er geen zuurstof aanwezig is wordt pyruvaat omgezet naar lactaat, als er wel zuurstof aanwezig is wordt het volgens mij omgezet naar acetyl-coa"
"assistant","Dat klopt helemaal! In afwezigheid van zuurstof (anaeroob) wordt pyruvaat omgezet in lactaat. Bij voldoende zuurstof (aeroob) wordt pyruvaat in het mitochondrium omgezet in acetyl-CoA, dat vervolgens de citroenzuurcyclus in gaat.

Om het plaatje nog completer te maken: weet je in welke delen van de cel deze processen plaatsvinden? Bijvoorbeeld: waar vindt glycolyse plaats, en waar vindt de omzetting van pyruvaat naar acetyl-CoA plaats?"
"user","glycolyse vindt plaats in het cytosol, omzetting van pyruvaat naar acetylcoa in de mitochondriën"
"assistant","Helemaal goed! Dat is inderdaad hoe het werkt.

Nu je deze basiskennis paraat hebt, zullen we de casus opnieuw bekijken en de kennis toepassen:

Herhaal ###VIGNETTE 1###
Het lichaam slaat glucose op in de vorm van glycogeen, vooral in de lever en spieren, om te gebruiken wanneer energie nodig is—vooral tussen maaltijden of tijdens inspanning.  
Bij Glycogeenstapelingsziekten (GSD’s) is dit proces verstoord door aangeboren enzymdeficiënties. Hierdoor heeft het lichaam moeite om normale bloedglucosespiegels te behouden, vooral tijdens vasten. Ter compensatie schakelt het andere metabole routes in. In GSD zijn alternatieve paden, zoals de Cori-cyclus, belangrijk.  
Een 3-jarig meisje heeft GSD en bezoekt haar arts omdat ze erg prikkelbaar is en haar buik opgezet lijkt. Haar lever is vergroot en bloedonderzoek laat zien:  
Bloedglucose: 45 mg/dL (normaal: 70–110 mg/dL)  
Bloedketonen: Negatief (normaal: negatief)  
Lactaat: 4,2 mmol/L (normaal: 0,5–2,0 mmol/L)

Nu je net de basis herhaald hebt: Kun je nu uitleggen wat er in dit geval is gebeurd met de kennis die je zojuist besproken hebt?"
"user","er is te weinig tot geen zuurstof in het bloed, waardoor anaerobe glycolyse plaatsvindt, waardoor pyruvaat wordt omgezet in lactaat"
"assistant","Interessante uitleg! Je koppelt het direct aan zuurstoftekort. Is dat zo? Of zou er nog een andere reden kunnen zijn waardoor het meisje veel lactaat heeft, zelfs als er voldoende zuurstof is? Denk eens goed na over de rol van glycogeen en wat er gebeurt als die voorraad niet gebruikt kan worden. Wat doet het lichaam dan om toch aan energie te komen—en welke metabole routes spelen daarbij een rol?"
"user","ik heb geen idee"
"assistant","Geen probleem, dit is een lastig onderwerp! Laten we een stukje samen ontleden.

Stel je voor: normaal gesproken gebruikt het lichaam glycogeen als snelle energiebron, vooral bij vasten. Maar bij een glycogeenstapelingsziekte gaat het mis in de glycogenolyse. Kun jij kort uitleggen wat glycogenolyse is en waarom dat belangrijk is als je een tijdje niet gegeten hebt?"
"user","glycogenolyse is het proces waarbij glycogeen wordt omgezet in glucose-6-fosfaat wat weer wordt omgezet in glucose. als je een tijdje niet gegeten hebt dan kan je uit glycogeen makkelijk glucose verkrijgen"
"assistant","Dat is precies goed! Glycogenolyse zorgt ervoor dat er snel glucose beschikbaar is als de bloedsuiker begint te dalen tussen maaltijden in.

Maar stel je nu voor dat dit proces verstoord is, zoals bij deze patiënte. Wat gebeurt er dan met de bloedglucosewaarden, en op welke alternatieve manieren probeert haar lichaam nog steeds aan energie te komen? Kun je dat redeneren?"
"user","als dit verstoord is kan er uit glycogeen geen glucose gemaakt worden, waardoor de bloedglucosewaarde daalt. geen idee welke alternatieve manieren er zijn"
"assistant","Goed geredeneerd over de bloedglucose! Nu, als glycogeen afbraak niet werkt, móét het lichaam overschakelen op andere paden om toch aan energie te komen. 

Weet je misschien wat gluconeogenese is, of heb je er wel eens van gehoord? Dit is vaak een belangrijke alternatieve route. Wat weet je daarvan, of kun je bedenken wat het zou kunnen betekenen?"
"user","ik weet niet precies wat dat is"
"assistant","Geen probleem, dat geeft helemaal niet! Gluconeogenese is het proces waarbij het lichaam zelf nieuwe glucose maakt uit niet-koolhydraatbronnen, zoals aminozuren (uit eiwitten) of lactaat.

Kun je je voorstellen waarom dit proces juist bij deze patiënte belangrijk wordt? En kun je bedenken waarom haar lichaam veel lactaat maakt als er problemen zijn met glycogenolyse én gluconeogenese niet optimaal verloopt?"
"user","omdat deze patiënte niet vanuit de glycogenolyse glucose kan verkrijgen, is het belangrijk dat er wel glucose kan worden verkregen uit lactaat, dat verklaart de hoge waarde lactaat bij patient"
"assistant","Mooi, je zit in de juiste richting! Dus: als het lichaam geen glucose uit glycogeen kan krijgen, zal het onder andere via de Cori-cyclus proberen om toch glucose te maken uit lactaat. Maar stel nu dat er ook problemen zijn met deze alternatieve routes (bijvoorbeeld door enzymdefecten in de gluconeogenese)—wat gebeurt er dan met de hoeveelheid lactaat die in het bloed blijft circuleren? En kun je bedenken waarom deze patiënte ondanks het lage glucose géén ketonen maakt? Heb je daar al een idee bij?"
"user","als er ook problemen zijn bij de gluconeogenese dan kan het lactaat wat het lichaam aanmaakt om glucose van te maken niet worden omgezet, waardoor de waarde lactaat dus erg stijgt. ik heb geen idee waarom er geen ketonen worden gemaakt"
"user","als er ook problemen zijn bij de gluconeogenese dan kan het lactaat wat het lichaam aanmaakt om glucose van te maken niet worden omgezet, waardoor de waarde lactaat dus erg stijgt. ik heb geen idee waarom er geen ketonen worden gemaakt"
"assistant","Dat klopt helemaal wat je zegt over het lactaat! Je hebt goed door dat bij problemen met gluconeogenese het lactaat zich ophoopt.

Laten we nu samen nadenken over de ketonen. Ketonen worden vooral gemaakt als brandstof door de lever wanneer er langdurig te weinig glucose beschikbaar is (bijvoorbeeld bij vasten). Normaal gebruikt het lichaam dan vetzuren voor de omzetting naar ketonen. Wat denk je: zou het kunnen dat het lichaam van deze patiënte om een bepaalde reden niet of minder goed vetten kan omzetten in ketonen? Waarvoor zijn ketonen juist belangrijk als energiebron, en waarom zie je ze meestal wél bij langdurige glucose-schaarste? Heb je daar misschien een idee bij?"
"user","ik heb geen idee waarom haar lichaam vetten minder goed kan omzetten in ketonen. ketonen zijn belangrijk als glucose op elke mogelijke manier verkregen is en de voorraden op zijn. dan pas gaat het lichaam vetzuren afbreken en ketonen maken als energiebron"
"assistant","Deze redenering is al goed! Je zegt: pas als glucose niet meer beschikbaar is, gaat het lichaam overschakelen op vetverbranding en ketonen maken. 

Wat nu als het lichaam moeite heeft om de eerste stappen van gluconeogenese én de vetafbraak goed op te starten? Bijvoorbeeld omdat er—door een teveel aan glucose-6-fosfaat—mogelijk remming is van vetafbraak. En stel, er blijft toch veel insuline in het bloed circuleren door een continue (zij het lage) aanwezigheid van glucose, dan wordt vetafbraak afgeremd.

Kun je nu, met deze extra aanwijzingen, proberen te bedenken waarom er bij deze patiënte géén ketonen gevormd worden ondanks lage glucosewaarden? Wat zou dat kunnen zeggen over haar hormonale/metabole toestand?"
"user","er worden geen ketonen gevormd omdat er dus wel nog glucose aanwezig is, al is het een lage waarde, maar wat dus niet goed omgezet kan worden. hierdoor wordt vetafbraak niet opgestart en worden er dus geen ketonen gemaakt."
"assistant","Precies! Dat is heel goed geredeneerd. Ondanks de lage bloedglucose is er nog net voldoende glucose (en mogelijk een verhoogd insulinegehalte) om de vetafbraak te remmen, dus komt de productie van ketonen niet goed op gang.

Je hebt nu duidelijk neergezet waarom de bloedglucose laag is, het lactaat verhoogd is en de ketonen afwezig zijn bij dit meisje met een glycogeenstapelingsziekte!

Nu, laatste vraag om je kennis samen te vatten:

Herhaal ###VIGNETTE 1###
Het lichaam slaat glucose op in de vorm van glycogeen, vooral in de lever en spieren, om te gebruiken wanneer energie nodig is—vooral tussen maaltijden of tijdens inspanning.  
Bij Glycogeenstapelingsziekten (GSD’s) is dit proces verstoord door aangeboren enzymdeficiënties. Hierdoor heeft het lichaam moeite om normale bloedglucosespiegels te behouden, vooral tijdens vasten. Ter compensatie schakelt het andere metabole routes in. In GSD zijn alternatieve paden, zoals de Cori-cyclus, belangrijk.  
Een 3-jarig meisje heeft GSD en bezoekt haar arts omdat ze erg prikkelbaar is en haar buik opgezet lijkt. Haar lever is vergroot en bloedonderzoek laat zien:  
Bloedglucose: 45 mg/dL (normaal: 70–110 mg/dL)  
Bloedketonen: Negatief (normaal: negatief)  
Lactaat: 4,2 mmol/L (normaal: 0,5–2,0 mmol/L)

**Hoe begrijp je nu de oorzaken achter de klinische bevindingen in deze casus? Schrijf alles wat je kunt bedenken op: je ideeën, je redeneerstappen, en hoe je het linkt aan wat je geleerd hebt. Hoe completer je uitleg, hoe beter je gaat begrijpen, voorbereid bent op je tentamen en goede diagnoses gaat stellen!**"
"user","de glycogenolyse bij patiënte werkt niet goed, er kan dus uit glycogeen geen glucose worden gemaakt. het lichaam gaat hierdoor d.m.v. gluconeogenese proberen glucose te verkrijgen uit lactaat, vandaar de hoge lactaatwaarde. ook dit lukt niet goed, waardoor de bloedsuikerspiegel laag blijft. echter is de bloedsuikerspiegel nog net hoog genoeg waardoor het lichaam geen vetzuren gaat afbreken om zo ketonen te maken die als energiebron kunnen fungeren"
"assistant","Nu gaan we kijken of je deze kennis kunt toepassen op een nieuwe situatie!

###VIGNETTE 2###
Het menselijk lichaam is afhankelijk van een constante toevoer van glucose voor energie, vooral voor de hersenen en rode bloedcellen. Wanneer voedselinname stopt, moet het lichaam zich aanpassen om de energiebalans te behouden. Deze aanpassing omvat een verschuiving in metabole routes. Aanvankelijk gebruikt het lichaam de glycogeenvoorraden. Naarmate het vasten langer dan 24 uur duurt, worden andere processen geactiveerd.  
Een 13-jarige gezonde jongen wordt erg zwak aangetroffen nadat hij vier dagen meedeed aan een “vasten challenge” met vrienden. Tijdens deze periode dronk hij alleen water. Zijn bloedonderzoek laat zien:  
Bloedglucose: 55 mg/dL (normaal: 70–110 mg/dL)  
Bloedketonen: Positief (normaal: negatief)  
Lactaat: 2,8 mmol/L (normaal: 0,5–2,0 mmol/L)

Kun je de testresultaten van deze jongen verklaren en uitleggen waarom hij zich zo zwak voelt?"
"user","de bloedglucose waarde is laag doordat de glycogeenvoorraden op zijn, waardoor via glycogenolyse geen glucose meer kan worden verkregen. daarna gaat het lichaam over op de gluconeogenese en probeert dus uit lactaat glucose te verkrijgen, wat de verhoogde lactaatwaarde verklaart. als dit ook op is en niet meer lukt gaat het lichaam vetzuren afbreken en daardoor ketonen vormen, die als energiebron fungeren ipv glucose voor voornamelijk de hersenen. dit verklaart waardoor de bloedketonen hoog zijn."
"assistant","Goed uitgelegd! Je koppelt heel logisch het opgebruiken van de glycogeenvoorraad aan het inzetten van gluconeogenese én daarna overschakelen op vetverbranding en ketonenproductie.

Eén vervolgvraag: het lichaam maakt zowel aerobe als anaerobe energie. Denk je dat in deze situatie vooral aerobe óf anaerobe processen een rol spelen in het maken van ATP? En hoe efficiënt zijn die twee vergeleken met elkaar bij langdurig vasten, zoals in deze casus?"
"user","ik heb geen idee"
"assistant","Dat is niet erg, het is een goede vraag om even samen te bekijken!

Je weet: als er voldoende zuurstof en tijd is, zal het lichaam liever via aerobe processen energie halen—omdat dit veel efficiënter is (meer ATP uit één glucosemolecuul). Bij langdurig vasten zal het lichaam dus vooral vetzuren en een klein beetje glucose aeroob verbranden.

Kun je bedenken waarom er tóch nog een beetje lactaat wordt aangemaakt bij langdurig vasten, ondanks dat het grootste deel van de energie op de aerobe manier wordt opgewekt? Welke cellen in het lichaam zouden daar bijvoorbeeld verantwoordelijk voor kunnen zijn?"
"user","weet ik niet"
"assistant","Prima! Het is inderdaad niet vanzelfsprekend. Bedenk: sommige cellen in je lichaam hebben géén mitochondriën en kunnen dus alleen via anaërobe glycolyse energie maken. Denk bijvoorbeeld aan rode bloedcellen, die altijd pyruvaat omzetten in lactaat, ook als er zuurstof is.

Kun je nu uitleggen waarom zelfs bij langdurig vasten het lactaat in het bloed wat stijgt? Wat gebeurt er met dit lactaat?"
"user","omdat er dus cellen zijn die altijd onder anaerobe omstandigheden glucose proberen te verkrijgen, dus uit lactaat"
"assistant","Je bent er bijna! Het gaat vooral om cellen zoals de rode bloedcellen: zij zetten glucose altijd om in lactaat, ongeacht de zuurstofvoorziening. Het geproduceerde lactaat komt dan in het bloed terecht.

Weet je ook welk metabolisch proces in de lever ervoor zorgt dat dit lactaat weer kan worden omgezet in glucose wanneer dat mogelijk is? (Denk aan een cyclisch proces waarbij spieren/lactaat en lever samenwerken.)"
"assistant","Learning Context and Roles  
Deze dialoog vindt plaats in een één-op-één biomedisch tutorgesprek gericht op stofwisseling en metabole aandoeningen (in het bijzonder glycogeenstapelingsziekten en aanpassing aan vasten). De assistent begeleidt de student (user) met uitleg- en redeneervragen richting inzicht in klinisch-biochemische casussen. Doel van deze feedback: de student helpen diens participatie in zulke interactieve, conceptuele leergesprekken effectiever te maken.

A. What Went Well  
- Je gaf duidelijke, kernachtige antwoorden op vragen over basisprocessen zoals glycolyse, glycogenolyse, en de rol van lactaat en ketonen.  
- Je dacht steeds logisch stap voor stap na over de casus en gaf aan wanneer je iets niet wist, wat de interactie open en leerbaar hield.  
- Je verwoordde je beantwoording aan het einde stapsgewijs en compleet, en liet zo zien hoe je redenering zich ontwikkelde gedurende het gesprek.  
- Je toonde in je latere antwoorden dat je nieuwe informatie kon verwerken en stap voor stap beter kon uitleggen wat er metabool gebeurt bij ziekte en vasten.  
- Je hield een correcte en professionele stijl aan, zonder overhaaste aannames of slordige taal.

B. Areas for Improvement  
- Je onderbouwde niet altijd je antwoord met argumentatie; soms bleef het bij het benoemen van één stap (bijvoorbeeld alleen zuurstoftekort als oorzaak van lactaatstijging).  
- Bij nieuwe begrippen zoals gluconeogenese of de metabole cycli benoemde je regelmatig onzekerheid, maar probeerde je te weinig zelf te redeneren of voorkennis te activeren voordat je ‘weet ik niet’ antwoordde.  
- Je integreerde niet steeds actief eerdere feedback en hints direct in je vervolgend antwoord; daardoor liet je soms kansen liggen voor verdieping of het maken van dwarsverbanden.  
- In casusanalyse ontbrak soms expliciete koppeling tussen symptomen, labwaarden en onderliggende processen: je noemde deze vaak wel, maar de causale samenhang bleef impliciet.  
- In de afsluitende samenvattingen was er ruimte om meer oorzaak-gevolgredeneringen en toetsing van alternatieven expliciet te maken: nu bleef het vooral bij opsommingen.

C. Actionable Suggestions  
1. Waarom het ertoe doet: Diepgaande klinische analyse vraagt om expliciete beargumentering, zodat je niet te snel op één verklaring focust.  
   Hoe te doen: Schrijf of spreek bij ieder antwoord bewust de redenatie uit (“Omdat [proces X] niet werkt, gebeurt [Y]; dit zie je terug in [symptoom/labwaarde]…”).  
2. Waarom het ertoe doet: Zelf actief voorspellen/verbinden maakt je leerproces effectiever dan alleen aangeven iets niet te weten.  
   Hoe te doen: Probeer, vóór je “weet ik niet” zegt, hardop de mogelijke opties of je voorkennis te benoemen (“Ik denk dat… misschien… Dit zou kunnen omdat…”).  
3. Waarom het ertoe doet: Door eerder gegeven casushints en feedback actief mee te nemen, bouw je sneller een samenhangend begrip op.  
   Hoe te doen: Vat (mondeling of schriftelijk) kort samen wat je uit het vorige antwoord/hint geleerd hebt vóór je het volgende antwoord geeft (“Eerder hoorde ik dat… Daarom denk ik nu dat…”).  
4. Waarom het ertoe doet: Het expliciet maken van oorzaak-gevolg, alternatieven en het proces achter labwaarden helpt bij klinische redenering en bij tentamenvragen.  
   Hoe te doen: Gebruik korte overzichten of diagrammen (“Stap 1: [oorzaak] → Stap 2: [proces] → Stap 3: [gevolg]”) om complexere metabole routes aan elkaar te verbinden in je uitleg.  

Forward-looking guidance  
In het volgende gesprek kun je focussen op het expliciet uitleggen van causale verbanden en het actief voorspellen wat er gebeurt bij metabole afwijkingen, zelfs bij onzekerheid. Oefen het verwerken van feedback in je persoonlijke redenering, zodat je antwoorden completer, preciezer en zelfstandiger worden."
"assistant","Learning Context and Roles  
Dit was een tutorgesprek biomedische wetenschappen/geneeskunde (waarschijnlijk bachelor/master-niveau), gericht op metabole casuïstiek. De student (user) oefende het toepassen van kennis over stofwisselingsziekten en het analyseren van klinische laboratoriumuitslagen. Deze feedback is bedoeld om de effectiviteit van de participatie in zo'n interactieve leeromgeving te vergroten.

A. What Went Well  
- Je gaf kernachtige, correcte antwoorden over basale processen (glycolyse, glycogenolyse, rol van vetzuren, ketonen).  
- Je gaf eerlijk aan wanneer je iets niet wist, waardoor ruimte ontstond voor verduidelijking en verdere uitleg.  
- Je bouwde stapsgewijs verder op nieuwe informatie en was bereid je antwoorden te herzien of aan te vullen na nieuwe uitleg.  
- Je liet in je eindantwoorden zien dat je het ziektebeeld en de metabole ketens deels integraal kon uitleggen.  
- Je hanteerde een professionele, beknopte en op de casus gerichte stijl.  

B. Areas for Improvement  
- Je reageerde bij onbekende onderwerpen vaak met een direct “weet ik niet”, zonder eerst na te denken over mogelijke mechanismen of verbanden.  
- Je maakte soms onvoldoende gebruik van de hints en coaching van de tutor om je antwoorden uit te breiden of het probleem verder te analyseren.  
- Je verklaring bleef in een paar gevallen oppervlakkig of één-dimensionaal (bijvoorbeeld: alleen zuurstoftekort als verklaring voor lactaatstijging), zonder alternatieven of bredere metabole context te benoemen.  
- In je uiteindelijke samenvatting bleef de causale koppeling tussen labwaarden, symptomen, en onderliggende processen grotendeels impliciet (uitgeschreven als losse feiten i.p.v. een doorlopend redeneerverhaal).

C. Actionable Suggestions  
1. Waarom het ertoe doet: Zelf dóórdenken, redeneren en je kennis ‘hardop’ toetsen vergroot inzicht en zelfvertrouwen.  
   Hoe te implementeren: Vraag jezelf bij elke casus “welke processen KENNEN we?” of “welke alternatieven zijn mogelijk?” en schrijf/spreek die actief uit voordat je opgeeft.  
2. Waarom het ertoe doet: Actief reflecteren op eerdere feedback en verduidelijkingen zorgt voor samenhangend begrip en maakt je minder afhankelijk van aanvullende hints.  
   Hoe te implementeren: Begin bij iedere nieuwe vraag/antwoord kort met samenvatten (“Tot nu toe heb ik geleerd dat... daarom denk ik nu…”).  
3. Waarom het ertoe doet: Heldere oorzaak-gevolg redenaties versterken klinisch denken en tentamenresultaten.  
   Hoe te implementeren: Ordelijk de stappen expliciteren (bijvoorbeeld: “Door een defect in [X] ontstaat een tekort aan [Y], wat leidt tot [Z] en verklaart symtoom/labwaarde [A]”).  
4. Waarom het ertoe doet: Alternatieve verklaringen verkennen voorkomt tunnelvisie en vergroot het klinisch redeneervermogen.  
   Hoe te implementeren: Noem bij twijfel minstens één alternatief mechanisme (“Het zou ook nog zo kunnen zijn dat... omdat...”).

Forward-looking guidance  
In de volgende gesprekken: besteed aandacht aan het expliciet en verhalend verbinden van symptomen, labgegevens en metabole processen, en oefen met het structureel benoemen van alternatieven voordat je het antwoord loslaat. Dit zal je analytisch vermogen en je zelfvertrouwen als klinisch redenaar versterken."
"assistant","Learning Context and Roles  
Dit gesprek vond plaats in een tutorgesprek (waarschijnlijk biomedische of medische context), waarbij de student moet redeneren over metabole processen en die toepassen op casuïstiek. De feedback is bedoeld om de leerhouding, klinisch redeneren en participatie in zulke uitwisselingen te optimaliseren.

A. What Went Well  
- Je antwoorden op biochemische basisvragen waren vaak feitelijk juist en to the point.  
- Je gaf consequent aan wanneer je iets niet wist, waardoor de tutor gericht verder kon helpen.  
- Je paste eerder gegeven uitleg daarna steeds beter toe, met duidelijke stapsgewijze redenering.  
- Je toon bleef professioneel, open en gericht op leren.  
- Je samenvattende antwoorden werden richting het einde van het gesprek steeds vollediger.

B. Areas for Improvement  
- Je beredeneerde bij onzekerheid vaak niet verder en stapte snel over op “weet ik niet”, waardoor je leerkans miste door zelf na te denken.  
- Je verband tussen symptomen, labwaarden en biochemische processen bleef regelmatig oppervlakkig en impliciet.  
- Je gebruikte hints van de tutor niet altijd als aanleiding om méér verbanden te expliciteren of alternatieve oorzaken te overwegen.  
- Eerdere feedback (“waarom géén ketonen?”) integreerde je niet altijd volledig in je vervolgantwoorden.  
- Je gaf zelden een overzichtelijk oorzaak-gevolgschema, waardoor de samenhang soms ontbrak.

C. Actionable Suggestions  
1. Waarom het ertoe doet: Actief redeneren, ook als je onzeker bent, bevordert diepgaand begrip en zelfstandigheid.  
   Hoe te implementeren: Benoem hardop of schrijf globaal welk proces je wél kent en verbind dat aan de casus voordat je toegeeft het niet te weten (“Misschien zou… kunnen, omdat…”).  
2. Waarom het ertoe doet: Expliciet oorzaak-gevolg benoemen maakt je redenering inzichtelijker en voorkomt slordige diagnostiek.  
   Hoe te implementeren: Gebruik causaliteitszinnen (“Omdat X, gebeurt Y, en dat leidt tot Z”) en geef per symptoom een mechanistische verklaring.  
3. Waarom het ertoe doet: Het benutten van hints en feedback maakt je leerproces efficiënter en voorkomt missen van kernpunten.  
   Hoe te implementeren: Vat bij vervolgvragen kort de vorige uitleg/hints samen en pas die actief toe (“Eerder werd gezegd dat… dus nu denk ik…”).  
4. Waarom het ertoe doet: Alternatieven noemen verrijkt je klinisch denken en reduceert tunnelvisie.  
   Hoe te implementeren: Noem altijd minimaal één alternatieve verklaring voor een labwaarde of symptoom (“Een andere mogelijke verklaring zou kunnen zijn...”).

Forward-looking guidance  
Volgende keer kun je oefenen met ‘hardop nadenken’ bij lastige vragen en per antwoord expliciet je keten van oorzaak → proces → gevolg uitwerken. Dit zal zorgen voor diepere begrip en sterkere klinisch-analytische vaardigheden."
