"record_id","surveysession1_timestamp","username","age","gender","chatbot_frequency","mental_effort","g1_construct_answer","g2_understand_topic","g3_selfexplain","g4_trust","g5_prompt_selfexplain","g6_mechanisms_case","g7_recommend","g8_boring","g9_person","arcs1","arcs2","arcs3","arcs4","arcs5","arcs6","arcs7","arcs8","arcs9","arcs10","arcs11","arcs12","surveysession1_complete","demo_complete","scales_complete","fully_complete","g8_boring_rev","g9_person_rev","chatbot_eval_score","arcs_attention_score","arcs_relevance_score","arcs_confidence_score","arcs_satisfaction_score","arcs_total_score","gender_label","frequency_label","usage_high_low"
3,"[not completed]","donderdagavond",18,1,5,4,NA,NA,NA,NA,NA,NA,NA,NA,NA,NA,NA,NA,NA,NA,NA,NA,NA,NA,NA,NA,NA,0,TRUE,FALSE,FALSE,NA,NA,3.88888888888889,3.33333333333333,4,4,3.33333333333333,3.66666666666667,"Female","Multiple times/week","High"
4,"[not completed]","Cristiano",19,2,5,5,NA,NA,NA,NA,NA,NA,NA,NA,NA,NA,NA,NA,NA,NA,NA,NA,NA,NA,NA,NA,NA,0,TRUE,FALSE,FALSE,NA,NA,3.88888888888889,3.33333333333333,4,4,3.33333333333333,3.66666666666667,"Male","Multiple times/week","High"
5,"[not completed]","Herman",20,2,5,5,5,5,4,4,4,5,5,1,1,4,4,4,5,5,5,5,4,NA,5,5,5,0,TRUE,FALSE,FALSE,5,5,4.66666666666667,4,5,4.33333333333333,5,4.58333333333333,"Male","Multiple times/week","High"
6,"17/09/2025 15:22","Gamergirl123!",17,1,4,6,2,3,3,2,3,4,3,2,4,3,2,2,3,3,4,4,5,4,2,3,3,2,TRUE,TRUE,TRUE,4,2,2.88888888888889,2.33333333333333,3.33333333333333,4.33333333333333,2.66666666666667,3.16666666666667,"Female","About once/week","High"
7,"17/09/2025 15:23","senna",19,1,5,4,4,4,2,3,1,1,3,2,5,4,4,3,4,3,3,3,2,2,3,2,2,2,TRUE,TRUE,TRUE,4,1,2.55555555555556,3.66666666666667,3.33333333333333,2.33333333333333,2.33333333333333,2.91666666666667,"Female","Multiple times/week","High"
8,"17/09/2025 15:23","marcus",18,2,3,6,3,2,4,3,5,3,3,3,5,1,3,1,3,4,3,3,3,2,2,3,2,2,TRUE,TRUE,TRUE,3,1,3,1.66666666666667,3.33333333333333,2.66666666666667,2.33333333333333,2.5,"Male","About once/month","Low"
9,"17/09/2025 15:25","B.vrugt",17,1,5,4,4,4,5,4,5,4,4,2,3,3,4,4,4,4,4,4,5,5,3,2,3,2,TRUE,TRUE,TRUE,4,3,4.11111111111111,3.66666666666667,4,4.66666666666667,2.66666666666667,3.75,"Female","Multiple times/week","High"
10,"17/09/2025 15:24","Biba",18,1,1,6,4,4,3,3,5,3,3,2,1,4,3,3,4,4,3,3,3,3,2,3,4,2,TRUE,TRUE,TRUE,4,5,3.77777777777778,3.33333333333333,3.66666666666667,3,3,3.25,"Female","Never","Low"
11,"[not completed]","M.e.",18,1,5,1,3,3,4,4,5,2,4,1,1,NA,NA,NA,NA,NA,NA,NA,NA,NA,NA,NA,NA,0,TRUE,FALSE,FALSE,5,5,3.88888888888889,3.33333333333333,4,4,3.33333333333333,3.66666666666667,"Female","Multiple times/week","High"
12,"17/09/2025 15:25","Lotje.mwx",19,1,2,7,3,4,4,3,2,1,4,1,4,2,3,3,4,4,3,3,3,1,4,3,3,2,TRUE,TRUE,TRUE,5,2,3.11111111111111,2.66666666666667,3.66666666666667,2.33333333333333,3.33333333333333,3,"Female","Less than once/month","Low"
13,"[not completed]","SUNSHINEJOEHOE",19,1,5,6,NA,NA,NA,NA,NA,NA,NA,NA,NA,NA,NA,NA,NA,NA,NA,NA,NA,NA,NA,NA,NA,0,TRUE,FALSE,FALSE,NA,NA,3.88888888888889,3.33333333333333,4,4,3.33333333333333,3.66666666666667,"Female","Multiple times/week","High"
14,"[not completed]","Gast",20,2,6,5,NA,NA,NA,NA,NA,NA,NA,NA,NA,NA,NA,NA,NA,NA,NA,NA,NA,NA,NA,NA,NA,0,TRUE,FALSE,FALSE,NA,NA,3.88888888888889,3.33333333333333,4,4,3.33333333333333,3.66666666666667,"Male","Daily","High"
15,"[not completed]","Karel",17,1,5,2,NA,NA,NA,NA,NA,NA,NA,NA,NA,NA,NA,NA,NA,NA,NA,NA,NA,NA,NA,NA,NA,0,TRUE,FALSE,FALSE,NA,NA,3.88888888888889,3.33333333333333,4,4,3.33333333333333,3.66666666666667,"Female","Multiple times/week","High"
16,"[not completed]","",19,1,2,1,NA,NA,NA,NA,NA,NA,NA,NA,NA,NA,NA,NA,NA,NA,NA,NA,NA,NA,NA,NA,NA,0,TRUE,FALSE,FALSE,NA,NA,3.88888888888889,3.33333333333333,4,4,3.33333333333333,3.66666666666667,"Female","Less than once/month","Low"
17,"[not completed]","Emma",17,2,1,8,NA,NA,NA,NA,NA,NA,NA,NA,NA,NA,NA,NA,NA,NA,NA,NA,NA,NA,NA,NA,NA,0,TRUE,FALSE,FALSE,NA,NA,3.88888888888889,3.33333333333333,4,4,3.33333333333333,3.66666666666667,"Male","Never","Low"
18,"17/09/2025 15:37","gerda2025",17,1,4,4,4,4,3,4,5,5,4,3,3,3,3,4,4,4,3,3,4,4,3,3,3,2,TRUE,TRUE,TRUE,3,3,3.88888888888889,3.33333333333333,3.66666666666667,3.66666666666667,3,3.41666666666667,"Female","About once/week","High"
19,"17/09/2025 15:38","Nina",17,1,3,3,4,4,4,2,4,3,4,3,2,4,4,4,4,4,4,4,4,3,2,3,4,2,TRUE,TRUE,TRUE,3,4,3.55555555555556,4,4,3.66666666666667,3,3.66666666666667,"Female","About once/month","Low"
20,"17/09/2025 15:38","emms",22,2,6,4,4,4,5,3,4,4,5,2,4,4,5,5,4,4,5,5,5,5,5,3,4,2,TRUE,TRUE,TRUE,4,2,3.88888888888889,4.66666666666667,4.33333333333333,5,4,4.5,"Male","Daily","High"
21,"17/09/2025 15:39","PukJansman",19,1,1,5,2,4,4,3,3,4,3,3,4,2,4,4,5,2,3,4,3,2,3,4,4,2,TRUE,TRUE,TRUE,3,2,3.11111111111111,3.33333333333333,3.33333333333333,3,3.66666666666667,3.33333333333333,"Female","Never","Low"
22,"17/09/2025 15:39","Luca",18,1,1,2,3,4,4,5,3,5,5,2,2,4,3,4,5,4,3,3,4,4,3,3,4,2,TRUE,TRUE,TRUE,4,4,4.11111111111111,3.66666666666667,4,3.66666666666667,3.33333333333333,3.66666666666667,"Female","Never","Low"
23,"17/09/2025 15:40","StudentHel",17,1,4,2,4,4,4,4,3,5,4,1,2,4,4,4,5,4,5,4,4,4,4,3,4,2,TRUE,TRUE,TRUE,5,4,4.11111111111111,4,4.66666666666667,4,3.66666666666667,4.08333333333333,"Female","About once/week","High"
24,"17/09/2025 15:38","romy2",19,1,4,4,4,5,5,4,4,4,5,3,2,5,5,5,5,5,5,5,5,5,5,5,5,2,TRUE,TRUE,TRUE,3,4,4.22222222222222,5,5,5,5,5,"Female","About once/week","High"
25,"17/09/2025 15:39","Joop",18,1,4,3,3,4,3,4,4,4,4,2,2,3,3,3,3,4,5,4,4,4,3,3,2,2,TRUE,TRUE,TRUE,4,4,3.77777777777778,3,4,4,2.66666666666667,3.41666666666667,"Female","About once/week","High"
26,"17/09/2025 15:40","Trisomie21",17,2,5,4,4,4,5,4,5,3,5,1,4,4,3,4,5,5,5,5,5,4,4,4,5,2,TRUE,TRUE,TRUE,5,2,4.11111111111111,3.66666666666667,5,4.66666666666667,4.33333333333333,4.41666666666667,"Male","Multiple times/week","High"
27,"17/09/2025 15:48","12345678",23,2,1,3,4,4,4,4,4,4,3,2,5,4,4,4,4,4,4,4,4,4,4,4,4,2,TRUE,TRUE,TRUE,4,1,3.55555555555556,4,4,4,4,4,"Male","Never","Low"
28,"17/09/2025 15:47","YesR ",17,1,5,5,3,4,5,5,5,2,4,2,1,4,4,4,3,3,4,4,2,4,3,4,4,2,TRUE,TRUE,TRUE,4,5,4.11111111111111,4,3.33333333333333,3.33333333333333,3.66666666666667,3.58333333333333,"Female","Multiple times/week","High"
29,"17/09/2025 15:49","abcdefg2025",19,1,6,3,4,5,4,3,5,5,4,2,1,3,3,3,4,5,4,4,4,5,3,4,4,2,TRUE,TRUE,TRUE,4,5,4.33333333333333,3,4.33333333333333,4.33333333333333,3.66666666666667,3.83333333333333,"Female","Daily","High"
30,"17/09/2025 15:48","momo1234",23,1,2,5,4,4,4,4,4,5,4,1,2,3,4,4,4,5,3,4,4,4,5,4,4,2,TRUE,TRUE,TRUE,5,4,4.22222222222222,3.66666666666667,4,4,4.33333333333333,4,"Female","Less than once/month","Low"
31,"17/09/2025 15:49","Aardbei789",18,1,4,2,2,5,4,2,3,4,4,1,2,5,1,2,4,3,4,3,4,2,5,5,4,2,TRUE,TRUE,TRUE,5,4,3.66666666666667,2.66666666666667,3.66666666666667,3,4.66666666666667,3.5,"Female","About once/week","High"
32,"17/09/2025 15:48","Baas123",19,2,6,5,5,3,4,4,3,3,3,1,1,3,3,3,4,3,4,4,4,4,3,5,4,2,TRUE,TRUE,TRUE,5,5,3.88888888888889,3,3.66666666666667,4,4,3.66666666666667,"Male","Daily","High"
33,"17/09/2025 15:48","Dolfijn2007",18,1,4,5,3,4,5,4,3,4,4,1,3,4,4,5,5,4,5,4,4,5,2,4,4,2,TRUE,TRUE,TRUE,5,3,3.88888888888889,4.33333333333333,4.66666666666667,4.33333333333333,3.33333333333333,4.16666666666667,"Female","About once/week","High"
34,"17/09/2025 15:48","Banaan8",18,1,5,7,4,2,4,4,5,4,3,4,5,3,4,3,4,5,4,4,4,3,4,3,4,2,TRUE,TRUE,TRUE,2,1,3.22222222222222,3.33333333333333,4.33333333333333,3.66666666666667,3.66666666666667,3.75,"Female","Multiple times/week","High"
35,"17/09/2025 15:51","Banaatje20",19,2,6,5,5,4,4,3,4,5,5,2,5,3,3,3,2,4,3,4,1,3,3,1,3,2,TRUE,TRUE,TRUE,4,1,3.88888888888889,3,3,2.66666666666667,2.33333333333333,2.75,"Male","Daily","High"
36,"17/09/2025 15:48","Olifant123",21,1,6,3,4,5,4,5,5,4,5,1,4,4,4,4,5,4,4,5,4,4,5,5,5,2,TRUE,TRUE,TRUE,5,2,4.33333333333333,4,4.33333333333333,4.33333333333333,5,4.41666666666667,"Female","Daily","High"
37,"17/09/2025 15:53","Smba",19,1,6,7,5,5,4,4,4,4,4,2,1,4,4,4,5,4,3,4,4,4,4,4,3,2,TRUE,TRUE,TRUE,4,5,4.33333333333333,4,4,4,3.66666666666667,3.91666666666667,"Female","Daily","High"
38,"17/09/2025 15:55","guest12345",18,2,6,5,4,5,3,5,3,4,5,1,5,4,5,5,4,5,4,5,5,5,5,5,5,2,TRUE,TRUE,TRUE,5,1,3.88888888888889,4.66666666666667,4.33333333333333,5,5,4.75,"Male","Daily","High"
39,"17/09/2025 15:54","133792",19,1,6,2,3,4,5,4,4,5,5,1,1,4,3,3,4,5,5,4,4,4,5,5,5,2,TRUE,TRUE,TRUE,5,5,4.44444444444444,3.33333333333333,4.66666666666667,4,5,4.25,"Female","Daily","High"
40,"17/09/2025 15:54","Geneeskunde2526",20,1,5,2,2,2,3,4,4,4,4,1,3,3,3,3,4,4,4,4,2,4,2,3,2,2,TRUE,TRUE,TRUE,5,3,3.44444444444444,3,4,3.33333333333333,2.33333333333333,3.16666666666667,"Female","Multiple times/week","High"
41,"17/09/2025 15:54","lalev23",17,1,5,6,5,4,3,5,3,5,5,1,3,4,5,3,5,4,4,5,5,5,4,4,4,2,TRUE,TRUE,TRUE,5,3,4.22222222222222,4,4.33333333333333,5,4,4.33333333333333,"Female","Multiple times/week","High"
42,"17/09/2025 15:56","ChatBot123",18,1,3,3,4,4,3,3,4,4,5,1,2,3,4,4,4,3,2,4,2,4,5,5,5,2,TRUE,TRUE,TRUE,5,4,4,3.66666666666667,3,3.33333333333333,5,3.75,"Female","About once/month","Low"
43,"17/09/2025 15:55","3Zwolle",19,1,5,4,4,4,5,3,4,5,4,3,4,4,4,4,4,5,4,4,4,4,4,3,4,2,TRUE,TRUE,TRUE,3,2,3.77777777777778,4,4.33333333333333,4,3.66666666666667,4,"Female","Multiple times/week","High"
44,"17/09/2025 15:54","StLi2005",20,1,4,4,3,3,4,3,1,3,2,1,3,4,4,4,4,3,2,3,3,3,1,2,3,2,TRUE,TRUE,TRUE,5,3,3,4,3,3,2,3,"Female","About once/week","High"
45,"17/09/2025 15:54","Wallyvanderslot",19,2,4,3,4,4,5,3,4,4,5,1,4,4,3,4,4,4,4,3,4,4,4,4,4,2,TRUE,TRUE,TRUE,5,2,4,3.66666666666667,4,3.66666666666667,4,3.83333333333333,"Male","About once/week","High"
46,"17/09/2025 15:56","Mik018",19,1,4,5,4,3,4,4,3,4,2,2,4,2,2,2,4,4,2,4,4,3,4,4,2,2,TRUE,TRUE,TRUE,4,2,3.33333333333333,2,3.33333333333333,3.66666666666667,3.33333333333333,3.08333333333333,"Female","About once/week","High"
47,"[not completed]","",NA,NA,NA,NA,NA,NA,NA,NA,NA,NA,NA,NA,NA,NA,NA,NA,NA,NA,NA,NA,NA,NA,NA,NA,NA,0,FALSE,FALSE,FALSE,NA,NA,3.88888888888889,3.33333333333333,4,4,3.33333333333333,3.66666666666667,NA,NA,NA
48,"17/09/2025 15:59","NoahTanalepy",18,2,5,5,3,2,4,3,5,4,3,2,3,3,4,4,1,5,3,1,1,1,3,4,3,2,TRUE,TRUE,TRUE,4,3,3.44444444444444,3.66666666666667,3,1,3.33333333333333,2.75,"Male","Multiple times/week","High"
49,"17/09/2025 15:59","eefkevelthausz",20,1,4,6,5,4,4,4,4,4,5,1,3,4,4,4,4,4,4,4,4,4,4,4,4,2,TRUE,TRUE,TRUE,5,3,4.22222222222222,4,4,4,4,4,"Female","About once/week","High"
50,"17/09/2025 16:00","tess8137",18,1,3,3,3,4,4,5,4,4,4,2,3,3,4,3,3,4,3,4,4,3,4,3,4,2,TRUE,TRUE,TRUE,4,3,3.88888888888889,3.33333333333333,3.33333333333333,3.66666666666667,3.66666666666667,3.5,"Female","About once/month","Low"
51,"17/09/2025 16:00","Maxmedendorp",20,2,5,5,4,4,4,4,4,4,2,3,5,2,3,3,3,3,2,3,3,3,3,3,3,2,TRUE,TRUE,TRUE,3,1,3.33333333333333,2.66666666666667,2.66666666666667,3,3,2.83333333333333,"Male","Multiple times/week","High"
52,"17/09/2025 16:01","134082",18,1,2,5,3,4,3,3,3,4,3,4,4,3,2,3,3,3,2,3,2,3,2,4,2,2,TRUE,TRUE,TRUE,2,2,3,2.66666666666667,2.66666666666667,2.66666666666667,2.66666666666667,2.66666666666667,"Female","Less than once/month","Low"
53,"17/09/2025 16:01","Tessaknaap9",24,1,4,7,3,2,3,4,5,3,4,3,4,3,3,3,3,3,4,3,2,3,2,3,1,2,TRUE,TRUE,TRUE,3,2,3.22222222222222,3,3.33333333333333,2.66666666666667,2,2.75,"Female","About once/week","High"
54,"17/09/2025 16:02","Patat12345",18,1,5,1,4,5,3,4,5,4,3,2,4,3,3,4,5,3,5,2,3,4,3,4,4,2,TRUE,TRUE,TRUE,4,2,3.77777777777778,3.33333333333333,4.33333333333333,3,3.66666666666667,3.58333333333333,"Female","Multiple times/week","High"
55,"17/09/2025 16:00","Eline janssen",19,1,4,6,2,2,3,2,4,4,3,3,5,3,4,4,3,3,2,4,2,2,3,2,3,2,TRUE,TRUE,TRUE,3,1,2.66666666666667,3.66666666666667,2.66666666666667,2.66666666666667,2.66666666666667,2.91666666666667,"Female","About once/week","High"
56,"17/09/2025 16:01","Anna",18,1,1,7,2,4,3,2,1,4,1,3,4,1,4,2,2,4,4,4,4,4,3,2,2,2,TRUE,TRUE,TRUE,3,2,2.44444444444444,2.33333333333333,3.33333333333333,4,2.33333333333333,3,"Female","Never","Low"
57,"17/09/2025 16:04","Patat68734",19,1,5,5,4,5,3,2,3,2,2,2,4,3,3,1,3,3,2,2,1,3,2,3,2,2,TRUE,TRUE,TRUE,4,2,3,2.33333333333333,2.66666666666667,2,2.33333333333333,2.33333333333333,"Female","Multiple times/week","High"
58,"17/09/2025 16:02","Jaap",20,1,5,2,4,3,3,2,4,2,3,3,5,4,3,3,4,4,4,3,2,3,2,2,2,2,TRUE,TRUE,TRUE,3,1,2.77777777777778,3.33333333333333,4,2.66666666666667,2,3,"Female","Multiple times/week","High"
59,"17/09/2025 16:02","milou",20,1,6,4,5,5,5,4,4,3,5,1,3,5,4,4,4,4,4,4,4,4,4,4,4,2,TRUE,TRUE,TRUE,5,3,4.33333333333333,4.33333333333333,4,4,4,4.08333333333333,"Female","Daily","High"
60,"17/09/2025 16:03","gert",17,2,2,5,4,4,4,3,3,4,4,3,4,3,3,3,4,4,4,4,4,3,3,4,4,2,TRUE,TRUE,TRUE,3,2,3.44444444444444,3,4,3.66666666666667,3.66666666666667,3.58333333333333,"Male","Less than once/month","Low"
61,"17/09/2025 16:03","Neptunes",18,2,3,5,3,1,2,2,4,5,3,2,5,4,2,1,5,4,3,1,2,3,2,3,2,2,TRUE,TRUE,TRUE,4,1,2.77777777777778,2.33333333333333,4,2,2.33333333333333,2.66666666666667,"Male","About once/month","Low"
62,"17/09/2025 16:02","Johan01",20,1,5,2,4,4,4,4,4,4,4,1,2,4,3,2,3,4,4,3,4,4,2,3,3,2,TRUE,TRUE,TRUE,5,4,4.11111111111111,3,3.66666666666667,3.66666666666667,2.66666666666667,3.25,"Female","Multiple times/week","High"
63,"17/09/2025 16:02","aibot",20,1,6,5,2,3,2,5,4,5,5,4,5,3,3,2,3,4,5,3,2,3,3,2,4,2,TRUE,TRUE,TRUE,2,1,3.22222222222222,2.66666666666667,4,2.66666666666667,3,3.08333333333333,"Female","Daily","High"
64,"17/09/2025 16:02","Pim",19,1,4,5,5,5,5,5,5,5,5,1,1,5,3,2,5,5,5,5,5,4,5,5,5,2,TRUE,TRUE,TRUE,5,5,5,3.33333333333333,5,4.66666666666667,5,4.5,"Female","About once/week","High"
65,"17/09/2025 16:03","Carice Helmink ",19,1,5,1,5,5,5,5,4,4,5,3,4,4,4,2,4,5,5,4,4,5,4,3,4,2,TRUE,TRUE,TRUE,3,2,4.22222222222222,3.33333333333333,4.66666666666667,4.33333333333333,3.66666666666667,4,"Female","Multiple times/week","High"
66,"17/09/2025 16:02","OliviaMolen",18,1,4,5,4,3,4,4,4,4,4,2,2,4,4,2,3,4,4,3,4,3,4,4,4,2,TRUE,TRUE,TRUE,4,4,3.88888888888889,3.33333333333333,3.66666666666667,3.33333333333333,4,3.58333333333333,"Female","About once/week","High"
67,"17/09/2025 16:03","Carina05",20,1,5,6,3,3,2,3,2,3,3,3,4,2,3,1,2,4,2,2,2,2,1,1,2,2,TRUE,TRUE,TRUE,3,2,2.66666666666667,2,2.66666666666667,2,1.33333333333333,2,"Female","Multiple times/week","High"
68,"17/09/2025 16:03","Beertje03",22,1,5,5,3,3,4,5,5,4,5,1,3,4,4,3,5,2,4,2,3,3,5,4,3,2,TRUE,TRUE,TRUE,5,3,4.11111111111111,3.66666666666667,3.66666666666667,2.66666666666667,4,3.5,"Female","Multiple times/week","High"
69,"17/09/2025 16:03","12345",18,1,2,6,4,5,5,5,5,3,5,2,2,4,5,3,5,4,4,5,5,5,4,5,4,2,TRUE,TRUE,TRUE,4,4,4.44444444444444,4,4.33333333333333,5,4.33333333333333,4.41666666666667,"Female","Less than once/month","Low"
70,"17/09/2025 16:03","Jesse Hetjes ",20,2,5,6,4,5,4,5,5,5,5,1,3,2,4,3,4,4,5,4,4,5,4,4,4,2,TRUE,TRUE,TRUE,5,3,4.55555555555556,3,4.33333333333333,4.33333333333333,4,3.91666666666667,"Male","Multiple times/week","High"
71,"17/09/2025 16:06","Meike",17,1,1,7,4,5,4,5,5,4,5,2,3,4,4,4,4,4,4,3,3,4,4,4,5,2,TRUE,TRUE,TRUE,4,3,4.33333333333333,4,4,3.33333333333333,4.33333333333333,3.91666666666667,"Female","Never","Low"
72,"17/09/2025 16:04","Rodney123",17,2,4,4,4,5,4,4,4,5,5,1,1,5,4,3,5,5,5,5,4,4,4,4,4,2,TRUE,TRUE,TRUE,5,5,4.55555555555556,4,5,4.33333333333333,4,4.33333333333333,"Male","About once/week","High"
73,"[not completed]","dshlkhfsmhj",19,1,5,5,4,2,2,2,5,NA,NA,NA,NA,NA,NA,NA,NA,NA,NA,NA,NA,NA,NA,NA,NA,0,TRUE,FALSE,FALSE,NA,NA,3.33333333333333,3.33333333333333,4,4,3.33333333333333,3.66666666666667,"Female","Multiple times/week","High"
74,"17/09/2025 16:19","rosalie",20,1,1,5,3,5,4,3,5,5,4,3,2,4,3,1,3,3,5,4,4,5,5,4,3,2,TRUE,TRUE,TRUE,3,4,4,2.66666666666667,3.66666666666667,4.33333333333333,4,3.66666666666667,"Female","Never","Low"
75,"17/09/2025 16:19","Pietje",19,1,5,5,5,3,3,5,4,3,3,2,3,3,2,1,3,4,4,4,4,4,2,3,3,2,TRUE,TRUE,TRUE,4,3,3.66666666666667,2,3.66666666666667,4,2.66666666666667,3.08333333333333,"Female","Multiple times/week","High"
76,"17/09/2025 16:19","X",23,1,5,6,4,3,3,2,1,4,4,4,4,1,1,1,2,2,1,2,2,3,3,3,2,2,TRUE,TRUE,TRUE,2,2,2.77777777777778,1,1.66666666666667,2.33333333333333,2.66666666666667,1.91666666666667,"Female","Multiple times/week","High"
77,"17/09/2025 16:19","-",19,1,1,6,2,4,3,2,5,5,3,3,4,1,1,1,3,1,1,3,1,1,1,1,1,2,TRUE,TRUE,TRUE,3,2,3.22222222222222,1,1.66666666666667,1.66666666666667,1,1.33333333333333,"Female","Never","Low"
78,"17/09/2025 16:19","Blauw",19,1,4,2,4,4,4,4,4,4,3,4,3,3,3,3,3,3,4,3,3,3,3,4,4,2,TRUE,TRUE,TRUE,2,3,3.55555555555556,3,3.33333333333333,3,3.66666666666667,3.25,"Female","About once/week","High"
79,"17/09/2025 16:18","mm",18,1,4,4,3,2,2,2,2,2,2,4,5,1,1,2,2,2,3,3,3,3,3,2,2,2,TRUE,TRUE,TRUE,2,1,2,1.33333333333333,2.33333333333333,3,2.33333333333333,2.25,"Female","About once/week","High"
80,"[not completed]","!",24,1,5,3,2,1,3,2,2,2,1,2,5,NA,NA,NA,NA,NA,NA,NA,NA,NA,NA,NA,NA,0,TRUE,FALSE,FALSE,4,1,2,3.33333333333333,4,4,3.33333333333333,3.66666666666667,"Female","Multiple times/week","High"
81,"17/09/2025 16:19","..",18,1,1,5,2,2,2,2,3,3,2,4,5,2,1,1,3,3,1,2,1,1,1,1,1,2,TRUE,TRUE,TRUE,2,1,2.11111111111111,1.33333333333333,2.33333333333333,1.33333333333333,1,1.5,"Female","Never","Low"
82,"17/09/2025 16:19","-",19,2,3,3,2,3,4,4,2,2,4,4,3,3,3,4,4,5,2,3,2,4,1,2,2,2,TRUE,TRUE,TRUE,2,3,2.88888888888889,3.33333333333333,3.66666666666667,3,1.66666666666667,2.91666666666667,"Male","About once/month","Low"
83,"17/09/2025 16:19","-",19,1,2,4,4,4,3,5,3,4,4,2,3,2,3,3,3,4,3,4,2,3,1,1,2,2,TRUE,TRUE,TRUE,4,3,3.77777777777778,2.66666666666667,3.33333333333333,3,1.33333333333333,2.58333333333333,"Female","Less than once/month","Low"
84,"[not completed]","-",19,2,2,5,3,4,3,4,3,4,4,1,2,NA,NA,NA,NA,NA,NA,NA,NA,NA,NA,NA,NA,0,TRUE,FALSE,FALSE,5,4,3.77777777777778,3.33333333333333,4,4,3.33333333333333,3.66666666666667,"Male","Less than once/month","Low"
85,"17/09/2025 16:29","Rosalie",20,1,6,3,4,4,5,4,5,3,5,2,2,3,3,4,4,4,4,4,4,4,5,4,4,2,TRUE,TRUE,TRUE,4,4,4.22222222222222,3.33333333333333,4,4,4.33333333333333,3.91666666666667,"Female","Daily","High"
86,"17/09/2025 16:42","Ronaldo",18,2,5,3,4,3,3,3,4,3,4,1,1,4,3,3,3,4,3,3,3,4,3,3,3,2,TRUE,TRUE,TRUE,5,5,3.77777777777778,3.33333333333333,3.33333333333333,3.33333333333333,3,3.25,"Male","Multiple times/week","High"
87,"[not completed]","Lilo",20,1,4,3,NA,NA,NA,NA,NA,NA,NA,NA,NA,NA,NA,NA,NA,NA,NA,NA,NA,NA,NA,NA,NA,0,TRUE,FALSE,FALSE,NA,NA,3.88888888888889,3.33333333333333,4,4,3.33333333333333,3.66666666666667,"Female","About once/week","High"
88,"17/09/2025 16:42","Anoniemlaliela",19,1,1,5,2,4,3,3,2,3,3,1,2,4,4,4,3,3,4,3,3,3,3,3,3,2,TRUE,TRUE,TRUE,5,4,3.22222222222222,4,3.33333333333333,3,3,3.33333333333333,"Female","Never","Low"
89,"17/09/2025 16:42","Lilo",20,1,4,3,4,3,4,3,5,4,4,1,5,4,3,4,5,4,3,3,3,5,3,4,4,2,TRUE,TRUE,TRUE,5,1,3.66666666666667,3.66666666666667,4,3.66666666666667,3.66666666666667,3.75,"Female","About once/week","High"
90,"17/09/2025 16:42","Kobusartsdokter",20,2,4,6,4,5,4,3,4,4,4,1,3,4,3,4,3,3,3,4,3,3,4,4,4,2,TRUE,TRUE,TRUE,5,3,4,3.66666666666667,3,3.33333333333333,4,3.5,"Male","About once/week","High"
91,"17/09/2025 16:43","fairowl",18,1,5,4,4,4,5,4,2,4,4,1,3,4,4,4,5,3,4,4,4,4,4,3,4,2,TRUE,TRUE,TRUE,5,3,3.88888888888889,4,4,4,3.66666666666667,3.91666666666667,"Female","Multiple times/week","High"
92,"17/09/2025 16:44","anoniem",19,1,4,3,5,4,5,4,5,5,5,1,2,5,5,5,5,5,5,5,5,5,5,5,5,2,TRUE,TRUE,TRUE,5,4,4.66666666666667,5,5,5,5,5,"Female","About once/week","High"
93,"17/09/2025 16:43","Anoniempersoon",19,1,1,5,3,2,4,1,4,2,3,3,5,4,2,4,3,3,3,3,3,2,1,1,3,2,TRUE,TRUE,TRUE,3,1,2.55555555555556,3.33333333333333,3,2.66666666666667,1.66666666666667,2.66666666666667,"Female","Never","Low"
94,"17/09/2025 16:42","Anoniem_anoniem",21,1,6,2,4,4,4,5,4,4,5,1,1,3,4,4,4,4,3,4,3,4,3,3,4,2,TRUE,TRUE,TRUE,5,5,4.44444444444444,3.66666666666667,3.66666666666667,3.66666666666667,3.33333333333333,3.58333333333333,"Female","Daily","High"
95,"17/09/2025 16:43","ano-niem",19,1,6,2,4,3,3,4,5,2,5,3,2,4,4,4,5,3,4,4,4,4,3,3,3,2,TRUE,TRUE,TRUE,3,4,3.66666666666667,4,4,4,3,3.75,"Female","Daily","High"
96,"17/09/2025 16:43","ex5d6cr6utv",19,1,4,2,5,5,4,3,4,4,4,2,3,3,4,4,4,3,4,4,3,4,3,3,3,2,TRUE,TRUE,TRUE,4,3,4,3.66666666666667,3.66666666666667,3.66666666666667,3,3.5,"Female","About once/week","High"
97,"17/09/2025 17:01","Bloemkool",19,1,6,5,2,2,4,1,1,4,2,1,5,4,4,3,4,4,4,4,1,2,1,2,2,2,TRUE,TRUE,TRUE,5,1,2.44444444444444,3.66666666666667,4,2.33333333333333,1.66666666666667,2.91666666666667,"Female","Daily","High"
98,"17/09/2025 17:10","Eend2000",17,1,5,4,3,2,4,3,4,4,4,2,2,2,2,3,3,4,4,4,3,4,3,3,3,2,TRUE,TRUE,TRUE,4,4,3.55555555555556,2.33333333333333,3.66666666666667,3.66666666666667,3,3.16666666666667,"Female","Multiple times/week","High"
99,"17/09/2025 17:11","Roos",19,1,1,5,4,2,4,4,5,2,5,2,1,2,2,3,4,4,5,4,4,4,4,5,5,2,TRUE,TRUE,TRUE,4,5,3.88888888888889,2.33333333333333,4.33333333333333,4,4.66666666666667,3.83333333333333,"Female","Never","Low"
100,"17/09/2025 17:10","Mw12",17,1,5,2,4,5,4,4,4,5,5,2,3,4,3,4,4,5,4,4,4,4,4,5,5,2,TRUE,TRUE,TRUE,4,3,4.22222222222222,3.66666666666667,4.33333333333333,4,4.66666666666667,4.16666666666667,"Female","Multiple times/week","High"
101,"17/09/2025 17:11","tosti",18,1,2,5,2,4,4,4,4,4,4,3,1,3,3,4,4,4,3,3,5,4,2,3,3,2,TRUE,TRUE,TRUE,3,5,3.77777777777778,3.33333333333333,3.66666666666667,4,2.66666666666667,3.41666666666667,"Female","Less than once/month","Low"
102,"17/09/2025 17:11","username",18,1,1,4,5,4,4,4,4,4,4,3,4,5,5,4,3,5,4,3,4,3,4,2,3,2,TRUE,TRUE,TRUE,3,2,3.77777777777778,4.66666666666667,4,3.33333333333333,3,3.75,"Female","Never","Low"
103,"17/09/2025 17:11","Esza",18,1,5,4,2,1,3,3,4,4,4,3,4,3,3,4,4,4,4,4,4,4,3,3,3,2,TRUE,TRUE,TRUE,3,2,2.88888888888889,3.33333333333333,4,4,3,3.58333333333333,"Female","Multiple times/week","High"
104,"17/09/2025 17:11","selwerd145",23,2,5,4,3,4,3,4,4,3,3,3,4,3,2,2,5,3,3,4,3,4,2,3,2,2,TRUE,TRUE,TRUE,3,2,3.22222222222222,2.33333333333333,3.66666666666667,3.66666666666667,2.33333333333333,3,"Male","Multiple times/week","High"
105,"17/09/2025 17:11","Hoolabaloooo",22,2,3,3,4,4,4,3,3,5,3,2,3,4,4,4,4,4,4,3,4,4,4,3,3,2,TRUE,TRUE,TRUE,4,3,3.66666666666667,4,4,3.66666666666667,3.33333333333333,3.75,"Male","About once/month","Low"
106,"17/09/2025 17:11","Geneeskunde1.1",18,2,5,5,4,4,4,3,3,3,4,2,3,3,1,3,4,4,4,3,3,3,3,4,3,2,TRUE,TRUE,TRUE,4,3,3.55555555555556,2.33333333333333,4,3,3.33333333333333,3.16666666666667,"Male","Multiple times/week","High"
107,"17/09/2025 17:11","Isabel",18,1,5,3,3,3,2,4,4,4,5,1,3,4,4,5,2,4,4,3,2,4,3,4,5,2,TRUE,TRUE,TRUE,5,3,3.66666666666667,4.33333333333333,3.33333333333333,3,4,3.66666666666667,"Female","Multiple times/week","High"
108,"17/09/2025 17:13","Annoniem ",18,2,5,3,3,4,4,4,4,3,4,2,3,4,4,4,4,4,4,3,3,3,4,4,4,2,TRUE,TRUE,TRUE,4,3,3.66666666666667,4,4,3,4,3.75,"Male","Multiple times/week","High"
109,"[not completed]","",NA,NA,NA,NA,NA,NA,NA,NA,NA,NA,NA,NA,NA,NA,NA,NA,NA,NA,NA,NA,NA,NA,NA,NA,NA,0,FALSE,FALSE,FALSE,NA,NA,3.88888888888889,3.33333333333333,4,4,3.33333333333333,3.66666666666667,NA,NA,NA
110,"17/09/2025 17:25","no",19,1,1,5,5,4,4,2,3,5,4,3,4,4,4,3,5,4,4,4,3,4,3,2,5,2,TRUE,TRUE,TRUE,3,2,3.55555555555556,3.66666666666667,4.33333333333333,3.66666666666667,3.33333333333333,3.75,"Female","Never","Low"
111,"17/09/2025 17:25","Sophia",18,1,5,6,4,4,5,2,4,4,4,1,3,4,4,3,3,3,3,4,2,3,4,3,2,2,TRUE,TRUE,TRUE,5,3,3.88888888888889,3.66666666666667,3,3,3,3.16666666666667,"Female","Multiple times/week","High"
112,"17/09/2025 17:25","studentjaar25",18,1,5,5,5,5,4,3,4,5,5,1,2,2,3,4,4,5,3,4,4,4,3,3,5,2,TRUE,TRUE,TRUE,5,4,4.44444444444444,3,4,4,3.66666666666667,3.66666666666667,"Female","Multiple times/week","High"
113,"17/09/2025 17:24","No",19,1,5,2,4,4,5,3,4,4,4,1,4,4,4,3,4,3,4,3,4,2,2,2,5,2,TRUE,TRUE,TRUE,5,2,3.88888888888889,3.66666666666667,3.66666666666667,3,3,3.33333333333333,"Female","Multiple times/week","High"
114,"17/09/2025 17:25","student0000",18,1,5,5,4,3,3,1,4,3,4,1,5,4,2,2,2,4,2,4,4,3,4,4,3,2,TRUE,TRUE,TRUE,5,1,3.11111111111111,2.66666666666667,2.66666666666667,3.66666666666667,3.66666666666667,3.16666666666667,"Female","Multiple times/week","High"
115,"17/09/2025 17:25","no",18,1,3,2,5,4,3,3,4,3,4,1,3,4,4,3,2,4,4,5,5,3,2,4,4,2,TRUE,TRUE,TRUE,5,3,3.77777777777778,3.66666666666667,3.33333333333333,4.33333333333333,3.33333333333333,3.66666666666667,"Female","About once/month","Low"
116,"17/09/2025 17:26","geneticgenius",20,2,1,4,5,3,4,5,5,5,3,3,3,2,2,2,3,3,3,4,4,4,3,3,3,2,TRUE,TRUE,TRUE,3,3,4,2,3,4,3,3,"Male","Never","Low"
117,"17/09/2025 17:26","CMJ",18,1,5,3,4,4,3,3,4,3,4,2,1,4,4,4,4,4,4,3,4,2,3,4,3,2,TRUE,TRUE,TRUE,4,5,3.77777777777778,4,4,3,3.33333333333333,3.58333333333333,"Female","Multiple times/week","High"
118,"17/09/2025 17:28","Student2007rug",18,1,2,6,3,2,3,1,4,4,1,5,1,2,1,1,3,4,4,3,3,2,1,1,1,2,TRUE,TRUE,TRUE,1,5,2.66666666666667,1.33333333333333,3.66666666666667,2.66666666666667,1,2.16666666666667,"Female","Less than once/month","Low"
119,"17/09/2025 17:29","simonedekkerss",18,1,1,4,2,2,3,4,2,3,3,2,4,4,4,2,4,2,2,4,2,4,2,3,3,2,TRUE,TRUE,TRUE,4,2,2.77777777777778,3.33333333333333,2.66666666666667,3.33333333333333,2.66666666666667,3,"Female","Never","Low"
120,"[not completed]","Sofia",20,1,6,6,4,2,3,4,5,2,3,2,1,2,2,3,5,5,3,4,4,5,2,NA,4,0,TRUE,FALSE,FALSE,4,5,3.55555555555556,2.33333333333333,4.33333333333333,4.33333333333333,3,3.5,"Female","Daily","High"
121,"17/09/2025 17:29","yneke",19,1,1,4,4,2,2,3,2,3,4,2,5,4,4,4,3,2,3,2,2,4,4,4,4,2,TRUE,TRUE,TRUE,4,1,2.77777777777778,4,2.66666666666667,2.66666666666667,4,3.33333333333333,"Female","Never","Low"
122,"17/09/2025 17:29","Rosaliesluijk ",20,1,1,5,4,5,5,1,5,5,2,1,1,3,4,4,3,4,4,4,4,4,3,3,2,2,TRUE,TRUE,TRUE,5,5,4.11111111111111,3.66666666666667,3.66666666666667,4,2.66666666666667,3.5,"Female","Never","Low"
123,"17/09/2025 17:29","No",18,2,5,6,4,4,3,3,2,2,3,1,3,5,3,3,4,4,4,3,4,5,4,4,3,2,TRUE,TRUE,TRUE,5,3,3.22222222222222,3.66666666666667,4,4,3.66666666666667,3.83333333333333,"Male","Multiple times/week","High"
124,"17/09/2025 17:29","lindekleijn",20,1,1,5,4,4,4,4,4,4,4,1,2,3,4,4,4,4,4,4,4,4,4,4,4,2,TRUE,TRUE,TRUE,5,4,4.11111111111111,3.66666666666667,4,4,4,3.91666666666667,"Female","Never","Low"
125,"17/09/2025 17:31","Geus",19,2,6,5,4,4,4,4,3,3,5,1,1,4,4,4,5,4,4,4,4,3,4,5,4,2,TRUE,TRUE,TRUE,5,5,4.11111111111111,4,4.33333333333333,3.66666666666667,4.33333333333333,4.08333333333333,"Male","Daily","High"
126,"17/09/2025 17:29","emma_123",21,1,3,5,4,4,3,5,5,3,4,1,1,5,4,3,4,4,4,4,4,4,5,5,3,2,TRUE,TRUE,TRUE,5,5,4.22222222222222,4,4,4,4.33333333333333,4.08333333333333,"Female","About once/month","Low"
127,"17/09/2025 17:29","Ier77",18,1,4,3,2,4,5,5,4,5,5,1,2,5,5,4,4,5,5,5,4,5,5,5,5,2,TRUE,TRUE,TRUE,5,4,4.33333333333333,4.66666666666667,4.66666666666667,4.66666666666667,5,4.75,"Female","About once/week","High"
128,"[not completed]","lukas",23,2,1,2,NA,NA,NA,NA,NA,NA,NA,NA,NA,NA,NA,NA,NA,NA,NA,NA,NA,NA,NA,NA,NA,0,TRUE,FALSE,FALSE,NA,NA,3.88888888888889,3.33333333333333,4,4,3.33333333333333,3.66666666666667,"Male","Never","Low"
129,"17/09/2025 17:29","no",23,2,1,2,4,2,2,4,4,5,4,3,3,3,5,3,3,4,5,5,4,4,5,4,4,2,TRUE,TRUE,TRUE,3,3,3.44444444444444,3.66666666666667,4,4.33333333333333,4.33333333333333,4.08333333333333,"Male","Never","Low"
130,"17/09/2025 17:33","lvdkamp ",19,1,5,3,3,3,4,4,4,4,4,2,4,3,3,3,3,4,3,2,4,4,3,3,3,2,TRUE,TRUE,TRUE,4,2,3.55555555555556,3,3.33333333333333,3.33333333333333,3,3.16666666666667,"Female","Multiple times/week","High"
131,"17/09/2025 17:34","Bbb",19,2,4,6,4,4,4,4,4,5,4,2,2,4,4,4,4,4,4,4,4,4,3,4,4,2,TRUE,TRUE,TRUE,4,4,4.11111111111111,4,4,4,3.66666666666667,3.91666666666667,"Male","About once/week","High"
132,"17/09/2025 17:34","Hoi123",21,2,6,5,4,4,4,5,5,4,5,1,3,4,4,4,3,4,4,5,4,4,5,5,5,2,TRUE,TRUE,TRUE,5,3,4.33333333333333,4,3.66666666666667,4.33333333333333,5,4.25,"Male","Daily","High"
133,"17/09/2025 17:34","Amyfol",18,1,5,5,4,5,3,5,5,3,3,5,1,4,4,3,5,3,5,4,3,5,4,2,1,2,TRUE,TRUE,TRUE,1,5,3.77777777777778,3.66666666666667,4.33333333333333,4,2.33333333333333,3.58333333333333,"Female","Multiple times/week","High"
134,"[not completed]","Frederique ",20,1,1,4,NA,NA,NA,NA,NA,NA,NA,NA,NA,NA,NA,NA,NA,NA,NA,NA,NA,NA,NA,NA,NA,0,TRUE,FALSE,FALSE,NA,NA,3.88888888888889,3.33333333333333,4,4,3.33333333333333,3.66666666666667,"Female","Never","Low"
135,"17/09/2025 17:36","Piet",18,1,5,2,4,2,5,5,5,4,4,3,3,2,3,2,3,4,4,4,3,3,1,2,2,2,TRUE,TRUE,TRUE,3,3,3.88888888888889,2.33333333333333,3.66666666666667,3.33333333333333,1.66666666666667,2.75,"Female","Multiple times/week","High"
136,"17/09/2025 17:35","SNELI07",18,2,4,4,4,4,4,4,5,5,3,4,4,2,3,3,4,4,3,2,3,3,1,2,4,2,TRUE,TRUE,TRUE,2,2,3.66666666666667,2.66666666666667,3.66666666666667,2.66666666666667,2.33333333333333,2.83333333333333,"Male","About once/week","High"
137,"17/09/2025 17:36","98765",17,1,4,3,4,4,4,3,2,3,4,4,4,1,3,3,3,3,3,3,3,3,3,3,3,2,TRUE,TRUE,TRUE,2,2,3.11111111111111,2.33333333333333,3,3,3,2.83333333333333,"Female","About once/week","High"
138,"17/09/2025 17:38","quinn_vh",19,1,5,3,4,4,4,5,3,2,4,2,3,4,3,4,4,4,3,3,2,4,2,4,4,2,TRUE,TRUE,TRUE,4,3,3.66666666666667,3.66666666666667,3.66666666666667,3,3.33333333333333,3.41666666666667,"Female","Multiple times/week","High"
139,"17/09/2025 17:38","phgnkbot",20,2,5,6,3,4,3,3,4,4,3,2,3,3,2,3,4,2,2,2,3,2,1,3,3,2,TRUE,TRUE,TRUE,4,3,3.44444444444444,2.66666666666667,2.66666666666667,2.33333333333333,2.33333333333333,2.5,"Male","Multiple times/week","High"
140,"17/09/2025 17:37","Sannieplank",19,1,5,2,4,5,5,5,4,4,5,1,3,4,4,4,4,5,4,4,5,4,4,4,4,2,TRUE,TRUE,TRUE,5,3,4.44444444444444,4,4.33333333333333,4.33333333333333,4,4.16666666666667,"Female","Multiple times/week","High"
141,"17/09/2025 17:38","trispens",18,1,5,6,2,2,2,2,1,1,2,5,4,2,2,2,2,2,2,2,2,2,1,1,1,2,TRUE,TRUE,TRUE,1,2,1.66666666666667,2,2,2,1,1.75,"Female","Multiple times/week","High"
142,"17/09/2025 17:39","jente",19,1,4,5,4,4,3,4,4,4,5,2,2,3,3,3,3,3,4,4,3,3,3,3,3,2,TRUE,TRUE,TRUE,4,4,4,3,3.33333333333333,3.33333333333333,3,3.16666666666667,"Female","About once/week","High"
143,"17/09/2025 17:40","Flora",18,1,5,6,4,3,4,3,1,3,2,5,5,2,2,1,4,5,3,3,3,2,1,1,1,2,TRUE,TRUE,TRUE,1,1,2.44444444444444,1.66666666666667,4,2.66666666666667,1,2.33333333333333,"Female","Multiple times/week","High"
144,"17/09/2025 17:39","Lianne ",18,1,1,3,4,5,3,3,1,3,4,4,4,3,3,4,4,4,4,4,4,4,2,2,3,2,TRUE,TRUE,TRUE,2,2,3,3.33333333333333,4,4,2.33333333333333,3.41666666666667,"Female","Never","Low"
145,"17/09/2025 17:44","joe",20,2,1,3,4,3,3,4,4,3,4,1,3,3,2,2,4,2,2,2,1,1,4,4,3,2,TRUE,TRUE,TRUE,5,3,3.66666666666667,2.33333333333333,2.66666666666667,1.33333333333333,3.66666666666667,2.5,"Male","Never","Low"
146,"17/09/2025 17:42","Josephine",18,1,6,8,3,2,2,4,3,2,4,2,4,1,2,4,3,4,3,4,4,3,4,4,4,2,TRUE,TRUE,TRUE,4,2,2.88888888888889,2.33333333333333,3.33333333333333,3.66666666666667,4,3.33333333333333,"Female","Daily","High"
147,"17/09/2025 17:46","robinbron",20,1,2,6,3,2,5,3,4,4,2,3,4,4,2,2,5,4,3,3,3,2,3,2,2,2,TRUE,TRUE,TRUE,3,2,3.11111111111111,2.66666666666667,4,2.66666666666667,2.33333333333333,2.91666666666667,"Female","Less than once/month","Low"
148,"17/09/2025 17:45","Inger.vanegmond",18,1,5,7,4,3,3,4,5,4,3,2,3,4,2,2,3,3,4,3,3,3,3,3,3,2,TRUE,TRUE,TRUE,4,3,3.66666666666667,2.66666666666667,3.33333333333333,3,3,3,"Female","Multiple times/week","High"
149,"17/09/2025 17:51","Kees",21,2,6,3,4,4,5,5,5,4,4,2,5,4,2,3,5,4,5,4,3,4,2,4,5,2,TRUE,TRUE,TRUE,4,1,4,3,4.66666666666667,3.66666666666667,3.66666666666667,3.75,"Male","Daily","High"
150,"[not completed]","hockeystickje6",19,1,6,3,NA,NA,NA,NA,NA,NA,NA,NA,NA,NA,NA,NA,NA,NA,NA,NA,NA,NA,NA,NA,NA,0,TRUE,FALSE,FALSE,NA,NA,3.88888888888889,3.33333333333333,4,4,3.33333333333333,3.66666666666667,"Female","Daily","High"
151,"[not completed]","SuperAnoniem",19,2,6,3,NA,NA,NA,NA,NA,NA,NA,NA,NA,NA,NA,NA,NA,NA,NA,NA,NA,NA,NA,NA,NA,0,TRUE,FALSE,FALSE,NA,NA,3.88888888888889,3.33333333333333,4,4,3.33333333333333,3.66666666666667,"Male","Daily","High"
152,"17/09/2025 17:50","aardbeitje3",21,1,3,3,3,4,4,3,4,5,3,2,4,3,4,4,4,5,3,4,3,3,2,2,2,2,TRUE,TRUE,TRUE,4,2,3.55555555555556,3.66666666666667,4,3.33333333333333,2,3.25,"Female","About once/month","Low"
153,"17/09/2025 17:51","Appeltje",21,1,6,5,4,4,5,5,4,4,5,1,1,5,5,4,4,4,4,4,4,5,5,5,5,2,TRUE,TRUE,TRUE,5,5,4.55555555555556,4.66666666666667,4,4.33333333333333,5,4.5,"Female","Daily","High"
154,"17/09/2025 17:52","OTT",17,2,5,6,3,2,2,4,2,4,3,3,5,3,3,3,4,4,3,4,4,3,2,2,2,2,TRUE,TRUE,TRUE,3,1,2.66666666666667,3,3.66666666666667,3.66666666666667,2,3.08333333333333,"Male","Multiple times/week","High"
155,"17/09/2025 17:51","SuperAnoniem",19,2,6,3,3,4,4,4,4,4,5,3,3,3,3,3,3,3,3,3,3,3,3,3,3,2,TRUE,TRUE,TRUE,3,3,3.77777777777778,3,3,3,3,3,"Male","Daily","High"
156,"[not completed]","hockeystickje6",19,1,6,3,NA,NA,NA,NA,NA,NA,NA,NA,NA,NA,NA,NA,NA,NA,NA,NA,NA,NA,NA,NA,NA,0,TRUE,FALSE,FALSE,NA,NA,3.88888888888889,3.33333333333333,4,4,3.33333333333333,3.66666666666667,"Female","Daily","High"
157,"17/09/2025 17:52","hockeystickje6",19,1,6,4,3,4,3,1,4,4,2,2,5,3,3,3,4,4,3,3,1,2,1,1,1,2,TRUE,TRUE,TRUE,4,1,2.88888888888889,3,3.66666666666667,2,1,2.41666666666667,"Female","Daily","High"
158,"17/09/2025 17:52","smurf123",18,1,6,6,4,4,4,4,4,4,4,2,3,3,2,3,4,5,4,4,3,3,3,3,3,2,TRUE,TRUE,TRUE,4,3,3.88888888888889,2.66666666666667,4.33333333333333,3.33333333333333,3,3.33333333333333,"Female","Daily","High"
159,"17/09/2025 17:51","pannekoekje09",19,1,5,6,4,2,3,5,4,4,3,4,5,4,3,2,3,4,4,3,4,3,4,3,2,2,TRUE,TRUE,TRUE,2,1,3.11111111111111,3,3.66666666666667,3.33333333333333,3,3.25,"Female","Multiple times/week","High"
160,"[not completed]","no",19,1,1,5,NA,NA,NA,NA,NA,NA,NA,NA,NA,NA,NA,NA,NA,NA,NA,NA,NA,NA,NA,NA,NA,0,TRUE,FALSE,FALSE,NA,NA,3.88888888888889,3.33333333333333,4,4,3.33333333333333,3.66666666666667,"Female","Never","Low"
161,"17/09/2025 18:03","loeklampe24",19,1,1,4,2,3,3,4,3,5,5,3,3,2,4,4,4,4,4,4,4,4,4,4,4,2,TRUE,TRUE,TRUE,3,3,3.44444444444444,3.33333333333333,4,4,4,3.83333333333333,"Female","Never","Low"
162,"17/09/2025 18:06","nirvana",18,1,5,5,4,3,3,3,4,2,4,2,3,2,1,3,4,4,1,1,1,1,4,2,3,2,TRUE,TRUE,TRUE,4,3,3.33333333333333,2,3,1,3,2.25,"Female","Multiple times/week","High"
163,"17/09/2025 18:05","NebulaDrift42",18,2,5,5,4,4,3,4,5,4,4,1,2,5,4,3,4,5,4,4,3,4,4,4,3,2,TRUE,TRUE,TRUE,5,4,4.11111111111111,4,4.33333333333333,3.66666666666667,3.66666666666667,3.91666666666667,"Male","Multiple times/week","High"
164,"17/09/2025 18:06","Ibby",18,1,4,5,4,4,4,5,4,4,4,2,3,4,4,4,5,4,3,4,3,4,4,3,4,2,TRUE,TRUE,TRUE,4,3,4,4,4,3.66666666666667,3.66666666666667,3.83333333333333,"Female","About once/week","High"
165,"17/09/2025 18:05","pinguin",19,2,4,5,4,4,5,4,5,3,4,2,4,5,4,4,5,4,5,4,5,4,3,4,4,2,TRUE,TRUE,TRUE,4,2,3.88888888888889,4.33333333333333,4.66666666666667,4.33333333333333,3.66666666666667,4.25,"Male","About once/week","High"
166,"17/09/2025 18:05","Broski",19,1,5,4,4,5,5,3,4,4,5,2,2,3,4,4,4,5,5,5,5,5,5,5,4,2,TRUE,TRUE,TRUE,4,4,4.22222222222222,3.66666666666667,4.66666666666667,5,4.66666666666667,4.5,"Female","Multiple times/week","High"
167,"17/09/2025 18:05","Ties",18,2,6,5,3,4,3,5,4,5,3,1,1,4,2,3,4,5,5,3,1,1,2,2,3,2,TRUE,TRUE,TRUE,5,5,4.11111111111111,3,4.66666666666667,1.66666666666667,2.33333333333333,2.91666666666667,"Male","Daily","High"
168,"17/09/2025 18:05","Blabla",20,1,5,3,4,5,4,3,4,5,5,2,1,3,4,4,4,4,4,3,2,4,4,4,4,2,TRUE,TRUE,TRUE,4,5,4.33333333333333,3.66666666666667,4,3,4,3.66666666666667,"Female","Multiple times/week","High"
169,"17/09/2025 18:05","na006",19,2,5,6,4,4,4,2,4,3,4,1,3,4,4,4,4,3,5,4,3,4,3,4,4,2,TRUE,TRUE,TRUE,5,3,3.66666666666667,4,4,3.66666666666667,3.66666666666667,3.83333333333333,"Male","Multiple times/week","High"
170,"17/09/2025 18:06","Simba123",18,1,5,5,2,3,2,4,4,1,4,1,2,5,4,3,4,4,3,2,4,4,4,4,3,2,TRUE,TRUE,TRUE,5,4,3.22222222222222,4,3.66666666666667,3.33333333333333,3.66666666666667,3.66666666666667,"Female","Multiple times/week","High"
171,"17/09/2025 18:07","Shadownebula",20,1,6,4,3,4,4,4,2,5,5,1,2,1,3,1,5,5,4,4,4,3,2,3,3,2,TRUE,TRUE,TRUE,5,4,4,1.66666666666667,4.66666666666667,3.66666666666667,2.66666666666667,3.16666666666667,"Female","Daily","High"
172,"[not completed]","LunarEcho ",19,1,6,2,NA,NA,NA,NA,NA,NA,NA,NA,NA,NA,NA,NA,NA,NA,NA,NA,NA,NA,NA,NA,NA,0,TRUE,FALSE,FALSE,NA,NA,3.88888888888889,3.33333333333333,4,4,3.33333333333333,3.66666666666667,"Female","Daily","High"
173,"17/09/2025 18:06","nijlpaard2",18,2,4,3,3,3,2,2,1,4,3,3,4,2,2,1,3,5,2,4,4,3,1,2,2,2,TRUE,TRUE,TRUE,3,2,2.55555555555556,1.66666666666667,3.33333333333333,3.66666666666667,1.66666666666667,2.58333333333333,"Male","About once/week","High"
174,"17/09/2025 18:07","LunarEcho ",19,1,6,4,4,4,3,3,5,4,5,2,2,4,3,3,4,3,4,3,3,4,4,4,4,2,TRUE,TRUE,TRUE,4,4,4,3.33333333333333,3.66666666666667,3.33333333333333,4,3.58333333333333,"Female","Daily","High"
175,"[not completed]","MistigeMango",22,1,6,1,4,4,5,4,2,5,4,1,4,NA,NA,NA,NA,NA,NA,NA,NA,NA,NA,NA,NA,0,TRUE,FALSE,FALSE,5,2,3.88888888888889,3.33333333333333,4,4,3.33333333333333,3.66666666666667,"Female","Daily","High"
176,"17/09/2025 18:06","liz",18,1,5,2,4,3,4,5,5,4,5,1,2,4,3,3,4,5,4,4,4,3,4,4,4,2,TRUE,TRUE,TRUE,5,4,4.33333333333333,3.33333333333333,4.33333333333333,3.66666666666667,4,3.83333333333333,"Female","Multiple times/week","High"
177,"17/09/2025 18:05","no",17,1,6,3,5,4,4,4,5,5,5,1,3,4,4,3,5,5,4,3,3,4,4,4,4,2,TRUE,TRUE,TRUE,5,3,4.44444444444444,3.66666666666667,4.66666666666667,3.33333333333333,4,3.91666666666667,"Female","Daily","High"
178,"17/09/2025 18:06","Feline",18,1,5,7,3,4,4,4,5,3,3,3,5,3,1,1,1,4,4,4,4,3,2,2,2,2,TRUE,TRUE,TRUE,3,1,3.33333333333333,1.66666666666667,3,3.66666666666667,2,2.58333333333333,"Female","Multiple times/week","High"
179,"17/09/2025 18:06","Ineke",18,1,5,5,4,5,4,5,5,4,5,1,3,4,5,5,5,5,4,3,4,4,4,4,4,2,TRUE,TRUE,TRUE,5,3,4.44444444444444,4.66666666666667,4.66666666666667,3.66666666666667,4,4.25,"Female","Multiple times/week","High"
180,"17/09/2025 18:06","Mare",19,1,2,3,4,4,5,5,5,4,5,1,3,4,4,4,5,5,4,4,4,4,5,5,5,2,TRUE,TRUE,TRUE,5,3,4.44444444444444,4,4.66666666666667,4,5,4.41666666666667,"Female","Less than once/month","Low"
181,"17/09/2025 18:06","x",18,2,2,6,4,4,5,4,5,4,5,1,2,4,5,5,5,4,3,3,4,4,5,5,4,2,TRUE,TRUE,TRUE,5,4,4.44444444444444,4.66666666666667,4,3.66666666666667,4.66666666666667,4.25,"Male","Less than once/month","Low"
182,"17/09/2025 18:07","femke",18,1,4,5,3,4,4,5,4,4,5,2,4,3,4,3,4,5,3,3,4,4,3,4,4,2,TRUE,TRUE,TRUE,4,2,3.88888888888889,3.33333333333333,4,3.66666666666667,3.66666666666667,3.66666666666667,"Female","About once/week","High"
183,"17/09/2025 18:08","Snaveling",18,2,4,3,5,4,4,5,5,3,4,2,5,4,4,3,5,4,3,4,4,5,4,4,4,2,TRUE,TRUE,TRUE,4,1,3.88888888888889,3.66666666666667,4,4.33333333333333,4,4,"Male","About once/week","High"
184,"17/09/2025 18:07","eva",20,1,6,6,5,5,5,5,5,5,5,1,2,4,4,5,5,5,5,5,4,5,5,5,5,2,TRUE,TRUE,TRUE,5,4,4.88888888888889,4.33333333333333,5,4.66666666666667,5,4.75,"Female","Daily","High"
185,"[not completed]","Anna15",19,1,2,2,4,4,4,4,4,5,4,1,3,NA,NA,NA,NA,NA,NA,NA,NA,NA,NA,NA,NA,0,TRUE,FALSE,FALSE,5,3,4.11111111111111,3.33333333333333,4,4,3.33333333333333,3.66666666666667,"Female","Less than once/month","Low"
186,"17/09/2025 18:08","Gnk1",23,1,1,5,4,4,5,3,4,5,4,1,4,5,2,2,5,5,4,4,4,2,4,4,4,2,TRUE,TRUE,TRUE,5,2,4,3,4.66666666666667,3.33333333333333,4,3.75,"Female","Never","Low"
187,"17/09/2025 18:08","Safienboulonois",19,1,1,4,4,4,4,4,4,2,4,1,1,4,5,4,4,5,5,4,4,4,4,5,5,2,TRUE,TRUE,TRUE,5,5,4,4.33333333333333,4.66666666666667,4,4.66666666666667,4.41666666666667,"Female","Never","Low"
188,"17/09/2025 18:08","jurrebunte",18,2,5,2,4,4,3,4,4,3,4,2,1,4,4,2,4,4,4,4,4,4,3,2,4,2,TRUE,TRUE,TRUE,4,5,3.88888888888889,3.33333333333333,4,4,3,3.58333333333333,"Male","Multiple times/week","High"
189,"17/09/2025 18:09","Kyrasoepnel",18,1,2,6,2,4,3,4,4,2,4,1,1,3,4,2,4,2,4,2,1,2,2,2,2,2,TRUE,TRUE,TRUE,5,5,3.66666666666667,3,3.33333333333333,1.66666666666667,2,2.5,"Female","Less than once/month","Low"
190,"17/09/2025 18:08","2025",18,1,3,5,5,5,5,5,4,5,5,1,1,5,5,5,5,5,5,5,5,5,5,5,5,2,TRUE,TRUE,TRUE,5,5,4.88888888888889,5,5,5,5,5,"Female","About once/month","Low"
191,"17/09/2025 18:08","6307228",17,1,1,6,2,2,3,2,4,4,1,3,5,2,3,2,4,4,3,2,1,2,1,1,3,2,TRUE,TRUE,TRUE,3,1,2.44444444444444,2.33333333333333,3.66666666666667,1.66666666666667,1.66666666666667,2.33333333333333,"Female","Never","Low"
192,"17/09/2025 18:10","nnkrui",19,1,6,5,4,3,4,5,4,3,5,1,1,4,4,4,2,5,4,4,3,5,4,3,3,2,TRUE,TRUE,TRUE,5,5,4.22222222222222,4,3.66666666666667,4,3.33333333333333,3.75,"Female","Daily","High"
193,"17/09/2025 18:09","s6208029",18,1,3,5,4,4,4,4,2,3,4,1,1,3,4,4,4,4,2,3,3,3,4,3,3,2,TRUE,TRUE,TRUE,5,5,3.88888888888889,3.66666666666667,3.33333333333333,3,3.33333333333333,3.33333333333333,"Female","About once/month","Low"
194,"17/09/2025 18:10","Jipkptn",19,1,6,6,3,3,3,4,3,3,4,2,1,3,3,3,4,3,3,3,3,3,2,3,3,2,TRUE,TRUE,TRUE,4,5,3.55555555555556,3,3.33333333333333,3,2.66666666666667,3,"Female","Daily","High"
195,"[not completed]","",NA,NA,NA,NA,NA,NA,NA,NA,NA,NA,NA,NA,NA,NA,NA,NA,NA,NA,NA,NA,NA,NA,NA,NA,NA,0,FALSE,FALSE,FALSE,NA,NA,3.88888888888889,3.33333333333333,4,4,3.33333333333333,3.66666666666667,NA,NA,NA
196,"17/09/2025 18:22","Hallo123",20,1,5,4,5,4,5,3,5,5,4,3,2,4,4,4,4,4,4,4,2,3,2,2,2,2,TRUE,TRUE,TRUE,3,4,4.22222222222222,4,4,3,2,3.25,"Female","Multiple times/week","High"
197,"17/09/2025 18:23","Lemonade7",19,2,1,5,4,4,4,4,5,4,4,1,3,4,4,3,4,4,4,4,4,4,4,5,5,2,TRUE,TRUE,TRUE,5,3,4.11111111111111,3.66666666666667,4,4,4.66666666666667,4.08333333333333,"Male","Never","Low"
198,"17/09/2025 18:24","DaanB_6719",21,2,5,1,4,2,5,3,5,4,2,1,5,3,5,1,2,3,4,3,4,4,4,3,4,2,TRUE,TRUE,TRUE,5,1,3.44444444444444,3,3,3.66666666666667,3.66666666666667,3.33333333333333,"Male","Multiple times/week","High"
199,"17/09/2025 18:23","Angelique",19,1,5,7,4,4,4,4,4,3,5,1,3,4,3,4,4,4,4,4,3,4,3,3,4,2,TRUE,TRUE,TRUE,5,3,4,3.66666666666667,4,3.66666666666667,3.33333333333333,3.66666666666667,"Female","Multiple times/week","High"
200,"17/09/2025 18:24","Cocotessensohn",18,1,5,5,4,4,5,3,5,5,4,3,1,4,3,3,4,5,4,4,4,4,3,3,3,2,TRUE,TRUE,TRUE,3,5,4.22222222222222,3.33333333333333,4.33333333333333,4,3,3.66666666666667,"Female","Multiple times/week","High"
201,"17/09/2025 18:23","StuartHull",19,2,4,3,4,3,1,3,5,3,3,3,3,4,3,1,4,2,2,3,4,1,3,3,3,2,TRUE,TRUE,TRUE,3,3,3.11111111111111,2.66666666666667,2.66666666666667,2.66666666666667,3,2.75,"Male","About once/week","High"
202,"17/09/2025 18:23","no",18,1,2,5,3,3,4,3,4,4,3,2,4,4,2,3,4,4,3,4,2,3,3,3,3,2,TRUE,TRUE,TRUE,4,2,3.33333333333333,3,3.66666666666667,3,3,3.16666666666667,"Female","Less than once/month","Low"
203,"17/09/2025 18:24","Faz",19,2,6,5,4,4,3,2,3,3,3,2,1,1,2,2,3,4,4,3,3,4,2,1,2,2,TRUE,TRUE,TRUE,4,5,3.44444444444444,1.66666666666667,3.66666666666667,3.33333333333333,1.66666666666667,2.58333333333333,"Male","Daily","High"
204,"17/09/2025 18:22","Nathaliehilverts",20,1,1,3,5,5,5,5,5,5,5,1,1,5,5,5,5,5,5,4,5,5,5,5,5,2,TRUE,TRUE,TRUE,5,5,5,5,5,4.66666666666667,5,4.91666666666667,"Female","Never","Low"
205,"[not completed]","Juuldelange",18,1,4,5,4,3,4,2,3,3,4,2,4,3,3,3,4,3,4,3,3,3,NA,4,2,0,TRUE,FALSE,FALSE,4,2,3.22222222222222,3,3.66666666666667,3,3,3.16666666666667,"Female","About once/week","High"
206,"17/09/2025 18:25","Niels0404",19,2,1,3,5,5,5,4,5,4,5,1,3,5,3,5,5,5,5,5,5,5,4,4,4,2,TRUE,TRUE,TRUE,5,3,4.55555555555556,4.33333333333333,5,5,4,4.58333333333333,"Male","Never","Low"
207,"17/09/2025 18:31","S6270727",19,1,2,3,3,3,4,3,3,2,3,2,2,3,3,3,3,2,3,2,2,3,2,2,3,2,TRUE,TRUE,TRUE,4,4,3.22222222222222,3,2.66666666666667,2.33333333333333,2.33333333333333,2.58333333333333,"Female","Less than once/month","Low"
208,"[not completed]","Cookiemonster",19,2,5,3,4,4,4,5,4,3,4,1,3,NA,NA,NA,NA,NA,NA,NA,NA,NA,NA,NA,NA,0,TRUE,FALSE,FALSE,5,3,4,3.33333333333333,4,4,3.33333333333333,3.66666666666667,"Male","Multiple times/week","High"
209,"[not completed]","Lagl",19,1,4,4,4,4,2,3,5,4,5,2,1,NA,NA,NA,NA,NA,NA,NA,NA,NA,NA,NA,NA,0,TRUE,FALSE,FALSE,4,5,4,3.33333333333333,4,4,3.33333333333333,3.66666666666667,"Female","About once/week","High"
210,"[not completed]","Chico",19,2,5,3,3,4,3,4,4,2,4,1,3,NA,NA,NA,NA,NA,NA,NA,NA,NA,NA,NA,NA,0,TRUE,FALSE,FALSE,5,3,3.55555555555556,3.33333333333333,4,4,3.33333333333333,3.66666666666667,"Male","Multiple times/week","High"
211,"17/09/2025 18:36","Diedejansen",20,1,3,3,3,4,5,5,3,3,4,1,2,3,3,3,4,4,4,5,4,5,5,5,5,2,TRUE,TRUE,TRUE,5,4,4,3,4,4.66666666666667,5,4.16666666666667,"Female","About once/month","Low"
212,"[not completed]","Leonore",18,1,1,5,4,4,3,3,4,3,4,2,1,NA,NA,NA,NA,NA,NA,NA,NA,NA,NA,NA,NA,0,TRUE,FALSE,FALSE,4,5,3.77777777777778,3.33333333333333,4,4,3.33333333333333,3.66666666666667,"Female","Never","Low"
213,"[not completed]","Jonkodonderdag",19,2,6,5,NA,NA,NA,NA,NA,NA,NA,NA,NA,NA,NA,NA,NA,NA,NA,NA,NA,NA,NA,NA,NA,0,TRUE,FALSE,FALSE,NA,NA,3.88888888888889,3.33333333333333,4,4,3.33333333333333,3.66666666666667,"Male","Daily","High"
214,"[not completed]","Luna",20,1,5,4,NA,NA,NA,NA,NA,NA,NA,NA,NA,NA,NA,NA,NA,NA,NA,NA,NA,NA,NA,NA,NA,0,TRUE,FALSE,FALSE,NA,NA,3.88888888888889,3.33333333333333,4,4,3.33333333333333,3.66666666666667,"Female","Multiple times/week","High"
215,"[not completed]","FZ4",18,1,3,5,NA,NA,NA,NA,NA,NA,NA,NA,NA,NA,NA,NA,NA,NA,NA,NA,NA,NA,NA,NA,NA,0,TRUE,FALSE,FALSE,NA,NA,3.88888888888889,3.33333333333333,4,4,3.33333333333333,3.66666666666667,"Female","About once/month","Low"
216,"[not completed]","Vmed",20,1,5,5,NA,NA,NA,NA,NA,NA,NA,NA,NA,NA,NA,NA,NA,NA,NA,NA,NA,NA,NA,NA,NA,0,TRUE,FALSE,FALSE,NA,NA,3.88888888888889,3.33333333333333,4,4,3.33333333333333,3.66666666666667,"Female","Multiple times/week","High"
217,"[not completed]","",NA,NA,NA,NA,NA,NA,NA,NA,NA,NA,NA,NA,NA,NA,NA,NA,NA,NA,NA,NA,NA,NA,NA,NA,NA,0,FALSE,FALSE,FALSE,NA,NA,3.88888888888889,3.33333333333333,4,4,3.33333333333333,3.66666666666667,NA,NA,NA
218,"17/09/2025 19:18","Broccoli",20,1,5,3,4,4,4,3,2,4,4,2,4,2,3,4,5,3,5,3,4,4,4,5,4,2,TRUE,TRUE,TRUE,4,2,3.44444444444444,3,4.33333333333333,3.66666666666667,4.33333333333333,3.83333333333333,"Female","Multiple times/week","High"
219,"17/09/2025 19:19","Vandaag01",23,1,1,3,5,5,4,1,2,2,3,2,5,2,2,2,3,3,3,3,3,3,3,3,3,2,TRUE,TRUE,TRUE,4,1,3,2,3,3,3,2.75,"Female","Never","Low"
220,"17/09/2025 19:19","Melsdedokter",18,2,5,6,2,2,2,2,2,2,1,1,4,2,3,2,2,4,3,3,3,2,4,2,2,2,TRUE,TRUE,TRUE,5,2,2.22222222222222,2.33333333333333,3,2.66666666666667,2.66666666666667,2.66666666666667,"Male","Multiple times/week","High"
221,"17/09/2025 19:20","Anoniempje",21,1,4,3,4,4,4,4,5,4,5,1,3,4,4,4,3,4,4,4,4,4,4,4,4,2,TRUE,TRUE,TRUE,5,3,4.22222222222222,4,3.66666666666667,4,4,3.91666666666667,"Female","About once/week","High"
222,"17/09/2025 19:19","Bobohetkonijn ",18,1,5,4,3,4,4,4,3,3,4,1,2,3,3,4,4,4,3,3,4,4,3,4,4,2,TRUE,TRUE,TRUE,5,4,3.77777777777778,3.33333333333333,3.66666666666667,3.66666666666667,3.66666666666667,3.58333333333333,"Female","Multiple times/week","High"
223,"17/09/2025 19:20","XOXO-GossipGirl",20,4,4,4,4,3,2,3,2,3,3,4,2,3,4,4,4,1,3,4,1,1,1,1,1,2,TRUE,TRUE,TRUE,2,4,2.88888888888889,3.66666666666667,2.66666666666667,2,1,2.33333333333333,NA,"About once/week","High"
224,"17/09/2025 19:19","kamerplantje",21,1,5,6,4,3,3,3,4,3,4,2,5,4,2,2,4,2,3,4,4,3,4,4,4,2,TRUE,TRUE,TRUE,4,1,3.22222222222222,2.66666666666667,3,3.66666666666667,4,3.33333333333333,"Female","Multiple times/week","High"
225,"[not completed]","M_H",19,1,5,5,NA,NA,NA,NA,NA,NA,NA,NA,NA,NA,NA,NA,NA,NA,NA,NA,NA,NA,NA,NA,NA,0,TRUE,FALSE,FALSE,NA,NA,3.88888888888889,3.33333333333333,4,4,3.33333333333333,3.66666666666667,"Female","Multiple times/week","High"
226,"17/09/2025 19:35","",18,1,1,5,5,5,5,3,5,4,5,1,1,3,3,3,1,4,3,2,3,3,5,5,5,2,TRUE,TRUE,TRUE,5,5,4.66666666666667,3,2.66666666666667,2.66666666666667,5,3.33333333333333,"Female","Never","Low"
